mode,dataset,k,algo,algo_display,step,score,score_raw,json_path,source
k,aime25x8,1,DeepSeek-R1-Distill-Qwen-1.5B_pissa,PiSSA,300,0.0,0.0,/home/caixq/project/LLM_EVAL/eval_results/OPRA-LoRA_think-boxed/json/DeepSeek_R1_Distill_Qwen_1_5B_pissa/DeepSeek-R1-Distill-Qwen-1.5B_pissa__global_step_300/g1/aime25x8/test_think-boxed_-1_seed0_t0.6_s0_e-1_think-boxed_metrics.json,eval_root
k,aime25x8,8,DeepSeek-R1-Distill-Qwen-1.5B_pissa,PiSSA,300,0.0,0.0,/home/caixq/project/LLM_EVAL/eval_results/OPRA-LoRA_think-boxed/json/DeepSeek_R1_Distill_Qwen_1_5B_pissa/DeepSeek-R1-Distill-Qwen-1.5B_pissa__global_step_300/g1/aime25x8/test_think-boxed_-1_seed0_t0.6_s0_e-1_think-boxed_metrics.json,eval_root
k,aime25x8,16,DeepSeek-R1-Distill-Qwen-1.5B_pissa,PiSSA,300,0.1,0.1,/home/caixq/project/LLM_EVAL/eval_results/OPRA-LoRA_think-boxed/json/DeepSeek_R1_Distill_Qwen_1_5B_pissa/DeepSeek-R1-Distill-Qwen-1.5B_pissa__global_step_300/g1/aime25x8/test_think-boxed_-1_seed0_t0.6_s0_e-1_think-boxed_metrics.json,eval_root
k,aime25x8,32,DeepSeek-R1-Distill-Qwen-1.5B_pissa,PiSSA,300,0.1,0.1,/home/caixq/project/LLM_EVAL/eval_results/OPRA-LoRA_think-boxed/json/DeepSeek_R1_Distill_Qwen_1_5B_pissa/DeepSeek-R1-Distill-Qwen-1.5B_pissa__global_step_300/g1/aime25x8/test_think-boxed_-1_seed0_t0.6_s0_e-1_think-boxed_metrics.json,eval_root
k,aime25x8,64,DeepSeek-R1-Distill-Qwen-1.5B_pissa,PiSSA,300,0.2,0.2,/home/caixq/project/LLM_EVAL/eval_results/OPRA-LoRA_think-boxed/json/DeepSeek_R1_Distill_Qwen_1_5B_pissa/DeepSeek-R1-Distill-Qwen-1.5B_pissa__global_step_300/g1/aime25x8/test_think-boxed_-1_seed0_t0.6_s0_e-1_think-boxed_metrics.json,eval_root
k,aime25x8,128,DeepSeek-R1-Distill-Qwen-1.5B_pissa,PiSSA,300,0.4,0.4,/home/caixq/project/LLM_EVAL/eval_results/OPRA-LoRA_think-boxed/json/DeepSeek_R1_Distill_Qwen_1_5B_pissa/DeepSeek-R1-Distill-Qwen-1.5B_pissa__global_step_300/g1/aime25x8/test_think-boxed_-1_seed0_t0.6_s0_e-1_think-boxed_metrics.json,eval_root
k,aime25x8,1,DeepSeek-R1-Distill-Qwen-1.5B_rslora,RSLoRA,300,0.0,0.0,/home/caixq/project/LLM_EVAL/eval_results/OPRA-LoRA_think-boxed/json/DeepSeek_R1_Distill_Qwen_1_5B_rslora/DeepSeek-R1-Distill-Qwen-1.5B_rslora__global_step_300/g1/aime25x8/test_think-boxed_-1_seed0_t0.6_s0_e-1_think-boxed_metrics.json,eval_root
k,aime25x8,8,DeepSeek-R1-Distill-Qwen-1.5B_rslora,RSLoRA,300,0.0,0.0,/home/caixq/project/LLM_EVAL/eval_results/OPRA-LoRA_think-boxed/json/DeepSeek_R1_Distill_Qwen_1_5B_rslora/DeepSeek-R1-Distill-Qwen-1.5B_rslora__global_step_300/g1/aime25x8/test_think-boxed_-1_seed0_t0.6_s0_e-1_think-boxed_metrics.json,eval_root
k,aime25x8,16,DeepSeek-R1-Distill-Qwen-1.5B_rslora,RSLoRA,300,0.0,0.0,/home/caixq/project/LLM_EVAL/eval_results/OPRA-LoRA_think-boxed/json/DeepSeek_R1_Distill_Qwen_1_5B_rslora/DeepSeek-R1-Distill-Qwen-1.5B_rslora__global_step_300/g1/aime25x8/test_think-boxed_-1_seed0_t0.6_s0_e-1_think-boxed_metrics.json,eval_root
k,aime25x8,32,DeepSeek-R1-Distill-Qwen-1.5B_rslora,RSLoRA,300,0.0,0.0,/home/caixq/project/LLM_EVAL/eval_results/OPRA-LoRA_think-boxed/json/DeepSeek_R1_Distill_Qwen_1_5B_rslora/DeepSeek-R1-Distill-Qwen-1.5B_rslora__global_step_300/g1/aime25x8/test_think-boxed_-1_seed0_t0.6_s0_e-1_think-boxed_metrics.json,eval_root
k,aime25x8,64,DeepSeek-R1-Distill-Qwen-1.5B_rslora,RSLoRA,300,0.0,0.0,/home/caixq/project/LLM_EVAL/eval_results/OPRA-LoRA_think-boxed/json/DeepSeek_R1_Distill_Qwen_1_5B_rslora/DeepSeek-R1-Distill-Qwen-1.5B_rslora__global_step_300/g1/aime25x8/test_think-boxed_-1_seed0_t0.6_s0_e-1_think-boxed_metrics.json,eval_root
k,aime25x8,128,DeepSeek-R1-Distill-Qwen-1.5B_rslora,RSLoRA,300,0.0,0.0,/home/caixq/project/LLM_EVAL/eval_results/OPRA-LoRA_think-boxed/json/DeepSeek_R1_Distill_Qwen_1_5B_rslora/DeepSeek-R1-Distill-Qwen-1.5B_rslora__global_step_300/g1/aime25x8/test_think-boxed_-1_seed0_t0.6_s0_e-1_think-boxed_metrics.json,eval_root
k,aime25x8,1,Base Model,Base Model,-1,9.4,9.4,/home/caixq/project/LLM_EVAL/eval_results/OPRA-LoRA_think-boxed/json/base__DeepSeek-R1-Distill-Qwen-1.5B/g1/aime25x8/test_qwen25-math-cot_-1_seed0_t0.6_s0_e-1_think-boxed_metrics.json,eval_root
k,aime25x8,1,DeepSeek-R1-Distill-Qwen-1.5B_vanilla,LoRA,300,0.0,0.0,/home/caixq/project/LLM_EVAL/eval_results/OPRA-LoRA_think-boxed/json/DeepSeek_R1_Distill_Qwen_1_5B_vanilla/DeepSeek-R1-Distill-Qwen-1.5B_vanilla__global_step_300/g1/aime25x8/test_think-boxed_-1_seed0_t0.6_s0_e-1_think-boxed_metrics.json,eval_root
k,aime25x8,8,DeepSeek-R1-Distill-Qwen-1.5B_vanilla,LoRA,300,0.0,0.0,/home/caixq/project/LLM_EVAL/eval_results/OPRA-LoRA_think-boxed/json/DeepSeek_R1_Distill_Qwen_1_5B_vanilla/DeepSeek-R1-Distill-Qwen-1.5B_vanilla__global_step_300/g1/aime25x8/test_think-boxed_-1_seed0_t0.6_s0_e-1_think-boxed_metrics.json,eval_root
k,aime25x8,16,DeepSeek-R1-Distill-Qwen-1.5B_vanilla,LoRA,300,0.0,0.0,/home/caixq/project/LLM_EVAL/eval_results/OPRA-LoRA_think-boxed/json/DeepSeek_R1_Distill_Qwen_1_5B_vanilla/DeepSeek-R1-Distill-Qwen-1.5B_vanilla__global_step_300/g1/aime25x8/test_think-boxed_-1_seed0_t0.6_s0_e-1_think-boxed_metrics.json,eval_root
k,aime25x8,32,DeepSeek-R1-Distill-Qwen-1.5B_vanilla,LoRA,300,0.0,0.0,/home/caixq/project/LLM_EVAL/eval_results/OPRA-LoRA_think-boxed/json/DeepSeek_R1_Distill_Qwen_1_5B_vanilla/DeepSeek-R1-Distill-Qwen-1.5B_vanilla__global_step_300/g1/aime25x8/test_think-boxed_-1_seed0_t0.6_s0_e-1_think-boxed_metrics.json,eval_root
k,aime25x8,64,DeepSeek-R1-Distill-Qwen-1.5B_vanilla,LoRA,300,0.0,0.0,/home/caixq/project/LLM_EVAL/eval_results/OPRA-LoRA_think-boxed/json/DeepSeek_R1_Distill_Qwen_1_5B_vanilla/DeepSeek-R1-Distill-Qwen-1.5B_vanilla__global_step_300/g1/aime25x8/test_think-boxed_-1_seed0_t0.6_s0_e-1_think-boxed_metrics.json,eval_root
k,aime25x8,128,DeepSeek-R1-Distill-Qwen-1.5B_vanilla,LoRA,300,0.0,0.0,/home/caixq/project/LLM_EVAL/eval_results/OPRA-LoRA_think-boxed/json/DeepSeek_R1_Distill_Qwen_1_5B_vanilla/DeepSeek-R1-Distill-Qwen-1.5B_vanilla__global_step_300/g1/aime25x8/test_think-boxed_-1_seed0_t0.6_s0_e-1_think-boxed_metrics.json,eval_root
k,aime25x8,1,DeepSeek-R1-Distill-Qwen-1.5B_opra_opra,RCA (Ours),100,12.7,12.7,/home/caixq/project/LLM_EVAL/eval_results/OPRA-K-ABLATION_think-boxed/json/DeepSeek_R1_Distill_Qwen_1_5B_opra_r32_k1/DeepSeek-R1-Distill-Qwen-1.5B_opra_r32_k1__global_step_100/g1/aime25x8/test_think-boxed_-1_seed0_t0.6_s0_e-1_think-boxed_metrics.json,opra_principle_best
k,aime25x8,8,DeepSeek-R1-Distill-Qwen-1.5B_opra_opra,RCA (Ours),200,28.1,28.1,/home/caixq/project/LLM_EVAL/eval_results/OPRA-K-ABLATION_think-boxed/json/DeepSeek_R1_Distill_Qwen_1_5B_opra_r32_k16/DeepSeek-R1-Distill-Qwen-1.5B_opra_r32_k16__global_step_200/g1/aime25x8/test_think-boxed_-1_seed0_t0.6_s0_e-1_think-boxed_metrics.json,opra_principle_best
k,aime25x8,16,DeepSeek-R1-Distill-Qwen-1.5B_opra_opra,RCA (Ours),200,34.2,34.2,/home/caixq/project/LLM_EVAL/eval_results/OPRA-K-ABLATION_think-boxed/json/DeepSeek_R1_Distill_Qwen_1_5B_opra_r32_k16/DeepSeek-R1-Distill-Qwen-1.5B_opra_r32_k16__global_step_200/g1/aime25x8/test_think-boxed_-1_seed0_t0.6_s0_e-1_think-boxed_metrics.json,opra_principle_best
k,aime25x8,32,DeepSeek-R1-Distill-Qwen-1.5B_opra_opra,RCA (Ours),200,40.4,40.4,/home/caixq/project/LLM_EVAL/eval_results/OPRA-K-ABLATION_think-boxed/json/DeepSeek_R1_Distill_Qwen_1_5B_opra_r32_k16/DeepSeek-R1-Distill-Qwen-1.5B_opra_r32_k16__global_step_200/g1/aime25x8/test_think-boxed_-1_seed0_t0.6_s0_e-1_think-boxed_metrics.json,opra_principle_best
k,aime25x8,64,DeepSeek-R1-Distill-Qwen-1.5B_opra_opra,RCA (Ours),100,46.2,46.2,/home/caixq/project/LLM_EVAL/eval_results/OPRA-LoRA_think-boxed/json/DeepSeek_R1_Distill_Qwen_1_5B_opra_opra/DeepSeek-R1-Distill-Qwen-1.5B_opra_opra__global_step_100/g1/aime25x8/test_think-boxed_-1_seed0_t0.6_s0_e-1_think-boxed_metrics.json,eval_root
k,aime25x8,128,DeepSeek-R1-Distill-Qwen-1.5B_opra_opra,RCA (Ours),100,53.8,53.8,/home/caixq/project/LLM_EVAL/eval_results/OPRA-LoRA_think-boxed/json/DeepSeek_R1_Distill_Qwen_1_5B_opra_opra/DeepSeek-R1-Distill-Qwen-1.5B_opra_opra__global_step_100/g1/aime25x8/test_think-boxed_-1_seed0_t0.6_s0_e-1_think-boxed_metrics.json,eval_root
k,aime25x8,1,ver_rule_grpo_nocurl_DeepSeek-R1-Distill-Qwen-1.5B,FFT,313,10.3,10.3,/home/caixq/project/LLM_EVAL/eval_results/OPRA-LoRA_think-boxed/json/ver_rule_grpo_DeepSeek-R1-Distill-Qwen-1.5B/ver_rule_grpo_nocurl_DeepSeek-R1-Distill-Qwen-1.5B__global_step_313/g1/aime25x8/test_think-boxed_-1_seed0_t0.6_s0_e-1_think-boxed_metrics.json,eval_root
k,aime25x8,8,ver_rule_grpo_nocurl_DeepSeek-R1-Distill-Qwen-1.5B,FFT,313,25.7,25.7,/home/caixq/project/LLM_EVAL/eval_results/OPRA-LoRA_think-boxed/json/ver_rule_grpo_DeepSeek-R1-Distill-Qwen-1.5B/ver_rule_grpo_nocurl_DeepSeek-R1-Distill-Qwen-1.5B__global_step_313/g1/aime25x8/test_think-boxed_-1_seed0_t0.6_s0_e-1_think-boxed_metrics.json,eval_root
k,aime25x8,1,DeepSeek-R1-Distill-Qwen-1.5B_olora,OLoRA,300,4.5,4.5,/home/caixq/project/LLM_EVAL/eval_results/OPRA-LoRA_think-boxed/json/DeepSeek_R1_Distill_Qwen_1_5B_olora/DeepSeek-R1-Distill-Qwen-1.5B_olora__global_step_300/g1/aime25x8/test_think-boxed_-1_seed0_t0.6_s0_e-1_think-boxed_metrics.json,eval_root
k,aime25x8,8,DeepSeek-R1-Distill-Qwen-1.5B_olora,OLoRA,300,14.5,14.5,/home/caixq/project/LLM_EVAL/eval_results/OPRA-LoRA_think-boxed/json/DeepSeek_R1_Distill_Qwen_1_5B_olora/DeepSeek-R1-Distill-Qwen-1.5B_olora__global_step_300/g1/aime25x8/test_think-boxed_-1_seed0_t0.6_s0_e-1_think-boxed_metrics.json,eval_root
k,aime25x8,16,DeepSeek-R1-Distill-Qwen-1.5B_olora,OLoRA,300,19.1,19.1,/home/caixq/project/LLM_EVAL/eval_results/OPRA-LoRA_think-boxed/json/DeepSeek_R1_Distill_Qwen_1_5B_olora/DeepSeek-R1-Distill-Qwen-1.5B_olora__global_step_300/g1/aime25x8/test_think-boxed_-1_seed0_t0.6_s0_e-1_think-boxed_metrics.json,eval_root
k,aime25x8,32,DeepSeek-R1-Distill-Qwen-1.5B_olora,OLoRA,300,24.2,24.2,/home/caixq/project/LLM_EVAL/eval_results/OPRA-LoRA_think-boxed/json/DeepSeek_R1_Distill_Qwen_1_5B_olora/DeepSeek-R1-Distill-Qwen-1.5B_olora__global_step_300/g1/aime25x8/test_think-boxed_-1_seed0_t0.6_s0_e-1_think-boxed_metrics.json,eval_root
k,aime25x8,64,DeepSeek-R1-Distill-Qwen-1.5B_olora,OLoRA,300,29.5,29.5,/home/caixq/project/LLM_EVAL/eval_results/OPRA-LoRA_think-boxed/json/DeepSeek_R1_Distill_Qwen_1_5B_olora/DeepSeek-R1-Distill-Qwen-1.5B_olora__global_step_300/g1/aime25x8/test_think-boxed_-1_seed0_t0.6_s0_e-1_think-boxed_metrics.json,eval_root
k,aime25x8,128,DeepSeek-R1-Distill-Qwen-1.5B_olora,OLoRA,300,35.0,35.0,/home/caixq/project/LLM_EVAL/eval_results/OPRA-LoRA_think-boxed/json/DeepSeek_R1_Distill_Qwen_1_5B_olora/DeepSeek-R1-Distill-Qwen-1.5B_olora__global_step_300/g1/aime25x8/test_think-boxed_-1_seed0_t0.6_s0_e-1_think-boxed_metrics.json,eval_root
k,aime25x8,1,DeepSeek-R1-Distill-Qwen-1.5B_adalora,AdaLoRA,300,14.1,14.1,/home/caixq/project/LLM_EVAL/eval_results/OPRA-LoRA_think-boxed/json/DeepSeek_R1_Distill_Qwen_1_5B_adalora/DeepSeek-R1-Distill-Qwen-1.5B_adalora__global_step_300/g1/aime25x8/test_think-boxed_-1_seed0_t0.6_s0_e-1_think-boxed_metrics.json,eval_root
k,aime25x8,8,DeepSeek-R1-Distill-Qwen-1.5B_adalora,AdaLoRA,300,30.8,30.8,/home/caixq/project/LLM_EVAL/eval_results/OPRA-LoRA_think-boxed/json/DeepSeek_R1_Distill_Qwen_1_5B_adalora/DeepSeek-R1-Distill-Qwen-1.5B_adalora__global_step_300/g1/aime25x8/test_think-boxed_-1_seed0_t0.6_s0_e-1_think-boxed_metrics.json,eval_root
k,aime25x8,16,DeepSeek-R1-Distill-Qwen-1.5B_adalora,AdaLoRA,300,35.8,35.8,/home/caixq/project/LLM_EVAL/eval_results/OPRA-LoRA_think-boxed/json/DeepSeek_R1_Distill_Qwen_1_5B_adalora/DeepSeek-R1-Distill-Qwen-1.5B_adalora__global_step_300/g1/aime25x8/test_think-boxed_-1_seed0_t0.6_s0_e-1_think-boxed_metrics.json,eval_root
k,aime25x8,32,DeepSeek-R1-Distill-Qwen-1.5B_adalora,AdaLoRA,300,41.1,41.1,/home/caixq/project/LLM_EVAL/eval_results/OPRA-LoRA_think-boxed/json/DeepSeek_R1_Distill_Qwen_1_5B_adalora/DeepSeek-R1-Distill-Qwen-1.5B_adalora__global_step_300/g1/aime25x8/test_think-boxed_-1_seed0_t0.6_s0_e-1_think-boxed_metrics.json,eval_root
k,aime25x8,64,DeepSeek-R1-Distill-Qwen-1.5B_adalora,AdaLoRA,300,47.4,47.4,/home/caixq/project/LLM_EVAL/eval_results/OPRA-LoRA_think-boxed/json/DeepSeek_R1_Distill_Qwen_1_5B_adalora/DeepSeek-R1-Distill-Qwen-1.5B_adalora__global_step_300/g1/aime25x8/test_think-boxed_-1_seed0_t0.6_s0_e-1_think-boxed_metrics.json,eval_root
k,aime25x8,128,DeepSeek-R1-Distill-Qwen-1.5B_adalora,AdaLoRA,300,54.6,54.6,/home/caixq/project/LLM_EVAL/eval_results/OPRA-LoRA_think-boxed/json/DeepSeek_R1_Distill_Qwen_1_5B_adalora/DeepSeek-R1-Distill-Qwen-1.5B_adalora__global_step_300/g1/aime25x8/test_think-boxed_-1_seed0_t0.6_s0_e-1_think-boxed_metrics.json,eval_root
k,aime24x8,1,DeepSeek-R1-Distill-Qwen-1.5B_pissa,PiSSA,300,0.0,0.0,/home/caixq/project/LLM_EVAL/eval_results/OPRA-LoRA_think-boxed/json/DeepSeek_R1_Distill_Qwen_1_5B_pissa/DeepSeek-R1-Distill-Qwen-1.5B_pissa__global_step_300/g1/aime24x8/test_think-boxed_-1_seed0_t0.6_s0_e-1_think-boxed_metrics.json,eval_root
k,aime24x8,8,DeepSeek-R1-Distill-Qwen-1.5B_pissa,PiSSA,300,0.0,0.0,/home/caixq/project/LLM_EVAL/eval_results/OPRA-LoRA_think-boxed/json/DeepSeek_R1_Distill_Qwen_1_5B_pissa/DeepSeek-R1-Distill-Qwen-1.5B_pissa__global_step_300/g1/aime24x8/test_think-boxed_-1_seed0_t0.6_s0_e-1_think-boxed_metrics.json,eval_root
k,aime24x8,16,DeepSeek-R1-Distill-Qwen-1.5B_pissa,PiSSA,300,0.0,0.0,/home/caixq/project/LLM_EVAL/eval_results/OPRA-LoRA_think-boxed/json/DeepSeek_R1_Distill_Qwen_1_5B_pissa/DeepSeek-R1-Distill-Qwen-1.5B_pissa__global_step_300/g1/aime24x8/test_think-boxed_-1_seed0_t0.6_s0_e-1_think-boxed_metrics.json,eval_root
k,aime24x8,32,DeepSeek-R1-Distill-Qwen-1.5B_pissa,PiSSA,300,0.0,0.0,/home/caixq/project/LLM_EVAL/eval_results/OPRA-LoRA_think-boxed/json/DeepSeek_R1_Distill_Qwen_1_5B_pissa/DeepSeek-R1-Distill-Qwen-1.5B_pissa__global_step_300/g1/aime24x8/test_think-boxed_-1_seed0_t0.6_s0_e-1_think-boxed_metrics.json,eval_root
k,aime24x8,64,DeepSeek-R1-Distill-Qwen-1.5B_pissa,PiSSA,300,0.0,0.0,/home/caixq/project/LLM_EVAL/eval_results/OPRA-LoRA_think-boxed/json/DeepSeek_R1_Distill_Qwen_1_5B_pissa/DeepSeek-R1-Distill-Qwen-1.5B_pissa__global_step_300/g1/aime24x8/test_think-boxed_-1_seed0_t0.6_s0_e-1_think-boxed_metrics.json,eval_root
k,aime24x8,128,DeepSeek-R1-Distill-Qwen-1.5B_pissa,PiSSA,300,0.0,0.0,/home/caixq/project/LLM_EVAL/eval_results/OPRA-LoRA_think-boxed/json/DeepSeek_R1_Distill_Qwen_1_5B_pissa/DeepSeek-R1-Distill-Qwen-1.5B_pissa__global_step_300/g1/aime24x8/test_think-boxed_-1_seed0_t0.6_s0_e-1_think-boxed_metrics.json,eval_root
k,aime24x8,1,DeepSeek-R1-Distill-Qwen-1.5B_rslora,RSLoRA,300,0.0,0.0,/home/caixq/project/LLM_EVAL/eval_results/OPRA-LoRA_think-boxed/json/DeepSeek_R1_Distill_Qwen_1_5B_rslora/DeepSeek-R1-Distill-Qwen-1.5B_rslora__global_step_300/g1/aime24x8/test_think-boxed_-1_seed0_t0.6_s0_e-1_think-boxed_metrics.json,eval_root
k,aime24x8,8,DeepSeek-R1-Distill-Qwen-1.5B_rslora,RSLoRA,300,0.0,0.0,/home/caixq/project/LLM_EVAL/eval_results/OPRA-LoRA_think-boxed/json/DeepSeek_R1_Distill_Qwen_1_5B_rslora/DeepSeek-R1-Distill-Qwen-1.5B_rslora__global_step_300/g1/aime24x8/test_think-boxed_-1_seed0_t0.6_s0_e-1_think-boxed_metrics.json,eval_root
k,aime24x8,16,DeepSeek-R1-Distill-Qwen-1.5B_rslora,RSLoRA,300,0.0,0.0,/home/caixq/project/LLM_EVAL/eval_results/OPRA-LoRA_think-boxed/json/DeepSeek_R1_Distill_Qwen_1_5B_rslora/DeepSeek-R1-Distill-Qwen-1.5B_rslora__global_step_300/g1/aime24x8/test_think-boxed_-1_seed0_t0.6_s0_e-1_think-boxed_metrics.json,eval_root
k,aime24x8,32,DeepSeek-R1-Distill-Qwen-1.5B_rslora,RSLoRA,300,0.0,0.0,/home/caixq/project/LLM_EVAL/eval_results/OPRA-LoRA_think-boxed/json/DeepSeek_R1_Distill_Qwen_1_5B_rslora/DeepSeek-R1-Distill-Qwen-1.5B_rslora__global_step_300/g1/aime24x8/test_think-boxed_-1_seed0_t0.6_s0_e-1_think-boxed_metrics.json,eval_root
k,aime24x8,64,DeepSeek-R1-Distill-Qwen-1.5B_rslora,RSLoRA,300,0.0,0.0,/home/caixq/project/LLM_EVAL/eval_results/OPRA-LoRA_think-boxed/json/DeepSeek_R1_Distill_Qwen_1_5B_rslora/DeepSeek-R1-Distill-Qwen-1.5B_rslora__global_step_300/g1/aime24x8/test_think-boxed_-1_seed0_t0.6_s0_e-1_think-boxed_metrics.json,eval_root
k,aime24x8,128,DeepSeek-R1-Distill-Qwen-1.5B_rslora,RSLoRA,300,0.0,0.0,/home/caixq/project/LLM_EVAL/eval_results/OPRA-LoRA_think-boxed/json/DeepSeek_R1_Distill_Qwen_1_5B_rslora/DeepSeek-R1-Distill-Qwen-1.5B_rslora__global_step_300/g1/aime24x8/test_think-boxed_-1_seed0_t0.6_s0_e-1_think-boxed_metrics.json,eval_root
k,aime24x8,1,Base Model,Base Model,-1,9.0,9.0,/home/caixq/project/LLM_EVAL/eval_results/OPRA-LoRA_think-boxed/json/base__DeepSeek-R1-Distill-Qwen-1.5B/g1/aime24x8/test_qwen25-math-cot_-1_seed0_t0.6_s0_e-1_think-boxed_metrics.json,eval_root
k,aime24x8,1,DeepSeek-R1-Distill-Qwen-1.5B_vanilla,LoRA,300,0.0,0.0,/home/caixq/project/LLM_EVAL/eval_results/OPRA-LoRA_think-boxed/json/DeepSeek_R1_Distill_Qwen_1_5B_vanilla/DeepSeek-R1-Distill-Qwen-1.5B_vanilla__global_step_300/g1/aime24x8/test_think-boxed_-1_seed0_t0.6_s0_e-1_think-boxed_metrics.json,eval_root
k,aime24x8,8,DeepSeek-R1-Distill-Qwen-1.5B_vanilla,LoRA,300,0.0,0.0,/home/caixq/project/LLM_EVAL/eval_results/OPRA-LoRA_think-boxed/json/DeepSeek_R1_Distill_Qwen_1_5B_vanilla/DeepSeek-R1-Distill-Qwen-1.5B_vanilla__global_step_300/g1/aime24x8/test_think-boxed_-1_seed0_t0.6_s0_e-1_think-boxed_metrics.json,eval_root
k,aime24x8,16,DeepSeek-R1-Distill-Qwen-1.5B_vanilla,LoRA,300,0.0,0.0,/home/caixq/project/LLM_EVAL/eval_results/OPRA-LoRA_think-boxed/json/DeepSeek_R1_Distill_Qwen_1_5B_vanilla/DeepSeek-R1-Distill-Qwen-1.5B_vanilla__global_step_300/g1/aime24x8/test_think-boxed_-1_seed0_t0.6_s0_e-1_think-boxed_metrics.json,eval_root
k,aime24x8,32,DeepSeek-R1-Distill-Qwen-1.5B_vanilla,LoRA,300,0.0,0.0,/home/caixq/project/LLM_EVAL/eval_results/OPRA-LoRA_think-boxed/json/DeepSeek_R1_Distill_Qwen_1_5B_vanilla/DeepSeek-R1-Distill-Qwen-1.5B_vanilla__global_step_300/g1/aime24x8/test_think-boxed_-1_seed0_t0.6_s0_e-1_think-boxed_metrics.json,eval_root
k,aime24x8,64,DeepSeek-R1-Distill-Qwen-1.5B_vanilla,LoRA,300,0.0,0.0,/home/caixq/project/LLM_EVAL/eval_results/OPRA-LoRA_think-boxed/json/DeepSeek_R1_Distill_Qwen_1_5B_vanilla/DeepSeek-R1-Distill-Qwen-1.5B_vanilla__global_step_300/g1/aime24x8/test_think-boxed_-1_seed0_t0.6_s0_e-1_think-boxed_metrics.json,eval_root
k,aime24x8,128,DeepSeek-R1-Distill-Qwen-1.5B_vanilla,LoRA,300,0.0,0.0,/home/caixq/project/LLM_EVAL/eval_results/OPRA-LoRA_think-boxed/json/DeepSeek_R1_Distill_Qwen_1_5B_vanilla/DeepSeek-R1-Distill-Qwen-1.5B_vanilla__global_step_300/g1/aime24x8/test_think-boxed_-1_seed0_t0.6_s0_e-1_think-boxed_metrics.json,eval_root
k,aime24x8,1,DeepSeek-R1-Distill-Qwen-1.5B_opra_opra,RCA (Ours),200,15.9,15.9,/home/caixq/project/LLM_EVAL/eval_results/OPRA-K-ABLATION_think-boxed/json/DeepSeek_R1_Distill_Qwen_1_5B_opra_r32_k16/DeepSeek-R1-Distill-Qwen-1.5B_opra_r32_k16__global_step_200/g1/aime24x8/test_think-boxed_-1_seed0_t0.6_s0_e-1_think-boxed_metrics.json,opra_principle_best
k,aime24x8,8,DeepSeek-R1-Distill-Qwen-1.5B_opra_opra,RCA (Ours),200,37.6,37.6,/home/caixq/project/LLM_EVAL/eval_results/OPRA-K-ABLATION_think-boxed/json/DeepSeek_R1_Distill_Qwen_1_5B_opra_r32_k16/DeepSeek-R1-Distill-Qwen-1.5B_opra_r32_k16__global_step_200/g1/aime24x8/test_think-boxed_-1_seed0_t0.6_s0_e-1_think-boxed_metrics.json,opra_principle_best
k,aime24x8,16,DeepSeek-R1-Distill-Qwen-1.5B_opra_opra,RCA (Ours),200,45.8,45.8,/home/caixq/project/LLM_EVAL/eval_results/OPRA-K-ABLATION_think-boxed/json/DeepSeek_R1_Distill_Qwen_1_5B_opra_r32_k16/DeepSeek-R1-Distill-Qwen-1.5B_opra_r32_k16__global_step_200/g1/aime24x8/test_think-boxed_-1_seed0_t0.6_s0_e-1_think-boxed_metrics.json,opra_principle_best
k,aime24x8,32,DeepSeek-R1-Distill-Qwen-1.5B_opra_opra,RCA (Ours),200,54.6,54.6,/home/caixq/project/LLM_EVAL/eval_results/OPRA-K-ABLATION_think-boxed/json/DeepSeek_R1_Distill_Qwen_1_5B_opra_r32_k16/DeepSeek-R1-Distill-Qwen-1.5B_opra_r32_k16__global_step_200/g1/aime24x8/test_think-boxed_-1_seed0_t0.6_s0_e-1_think-boxed_metrics.json,opra_principle_best
k,aime24x8,64,DeepSeek-R1-Distill-Qwen-1.5B_opra_opra,RCA (Ours),100,54.8,54.8,/home/caixq/project/LLM_EVAL/eval_results/OPRA-LoRA_think-boxed/json/DeepSeek_R1_Distill_Qwen_1_5B_opra_opra/DeepSeek-R1-Distill-Qwen-1.5B_opra_opra__global_step_100/g1/aime24x8/test_think-boxed_-1_seed0_t0.6_s0_e-1_think-boxed_metrics.json,eval_root
k,aime24x8,128,DeepSeek-R1-Distill-Qwen-1.5B_opra_opra,RCA (Ours),100,62.1,62.1,/home/caixq/project/LLM_EVAL/eval_results/OPRA-LoRA_think-boxed/json/DeepSeek_R1_Distill_Qwen_1_5B_opra_opra/DeepSeek-R1-Distill-Qwen-1.5B_opra_opra__global_step_100/g1/aime24x8/test_think-boxed_-1_seed0_t0.6_s0_e-1_think-boxed_metrics.json,eval_root
k,aime24x8,1,ver_rule_grpo_nocurl_DeepSeek-R1-Distill-Qwen-1.5B,FFT,313,11.0,11.0,/home/caixq/project/LLM_EVAL/eval_results/OPRA-LoRA_think-boxed/json/ver_rule_grpo_DeepSeek-R1-Distill-Qwen-1.5B/ver_rule_grpo_nocurl_DeepSeek-R1-Distill-Qwen-1.5B__global_step_313/g1/aime24x8/test_think-boxed_-1_seed0_t0.6_s0_e-1_think-boxed_metrics.json,eval_root
k,aime24x8,8,ver_rule_grpo_nocurl_DeepSeek-R1-Distill-Qwen-1.5B,FFT,313,32.9,32.9,/home/caixq/project/LLM_EVAL/eval_results/OPRA-LoRA_think-boxed/json/ver_rule_grpo_DeepSeek-R1-Distill-Qwen-1.5B/ver_rule_grpo_nocurl_DeepSeek-R1-Distill-Qwen-1.5B__global_step_313/g1/aime24x8/test_think-boxed_-1_seed0_t0.6_s0_e-1_think-boxed_metrics.json,eval_root
k,aime24x8,1,DeepSeek-R1-Distill-Qwen-1.5B_olora,OLoRA,300,4.5,4.5,/home/caixq/project/LLM_EVAL/eval_results/OPRA-LoRA_think-boxed/json/DeepSeek_R1_Distill_Qwen_1_5B_olora/DeepSeek-R1-Distill-Qwen-1.5B_olora__global_step_300/g1/aime24x8/test_think-boxed_-1_seed0_t0.6_s0_e-1_think-boxed_metrics.json,eval_root
k,aime24x8,8,DeepSeek-R1-Distill-Qwen-1.5B_olora,OLoRA,300,16.4,16.4,/home/caixq/project/LLM_EVAL/eval_results/OPRA-LoRA_think-boxed/json/DeepSeek_R1_Distill_Qwen_1_5B_olora/DeepSeek-R1-Distill-Qwen-1.5B_olora__global_step_300/g1/aime24x8/test_think-boxed_-1_seed0_t0.6_s0_e-1_think-boxed_metrics.json,eval_root
k,aime24x8,16,DeepSeek-R1-Distill-Qwen-1.5B_olora,OLoRA,300,22.5,22.5,/home/caixq/project/LLM_EVAL/eval_results/OPRA-LoRA_think-boxed/json/DeepSeek_R1_Distill_Qwen_1_5B_olora/DeepSeek-R1-Distill-Qwen-1.5B_olora__global_step_300/g1/aime24x8/test_think-boxed_-1_seed0_t0.6_s0_e-1_think-boxed_metrics.json,eval_root
k,aime24x8,32,DeepSeek-R1-Distill-Qwen-1.5B_olora,OLoRA,300,28.9,28.9,/home/caixq/project/LLM_EVAL/eval_results/OPRA-LoRA_think-boxed/json/DeepSeek_R1_Distill_Qwen_1_5B_olora/DeepSeek-R1-Distill-Qwen-1.5B_olora__global_step_300/g1/aime24x8/test_think-boxed_-1_seed0_t0.6_s0_e-1_think-boxed_metrics.json,eval_root
k,aime24x8,64,DeepSeek-R1-Distill-Qwen-1.5B_olora,OLoRA,300,35.6,35.6,/home/caixq/project/LLM_EVAL/eval_results/OPRA-LoRA_think-boxed/json/DeepSeek_R1_Distill_Qwen_1_5B_olora/DeepSeek-R1-Distill-Qwen-1.5B_olora__global_step_300/g1/aime24x8/test_think-boxed_-1_seed0_t0.6_s0_e-1_think-boxed_metrics.json,eval_root
k,aime24x8,128,DeepSeek-R1-Distill-Qwen-1.5B_olora,OLoRA,300,43.3,43.3,/home/caixq/project/LLM_EVAL/eval_results/OPRA-LoRA_think-boxed/json/DeepSeek_R1_Distill_Qwen_1_5B_olora/DeepSeek-R1-Distill-Qwen-1.5B_olora__global_step_300/g1/aime24x8/test_think-boxed_-1_seed0_t0.6_s0_e-1_think-boxed_metrics.json,eval_root
k,aime24x8,1,DeepSeek-R1-Distill-Qwen-1.5B_adalora,AdaLoRA,300,12.9,12.9,/home/caixq/project/LLM_EVAL/eval_results/OPRA-LoRA_think-boxed/json/DeepSeek_R1_Distill_Qwen_1_5B_adalora/DeepSeek-R1-Distill-Qwen-1.5B_adalora__global_step_300/g1/aime24x8/test_think-boxed_-1_seed0_t0.6_s0_e-1_think-boxed_metrics.json,eval_root
k,aime24x8,8,DeepSeek-R1-Distill-Qwen-1.5B_adalora,AdaLoRA,300,30.8,30.8,/home/caixq/project/LLM_EVAL/eval_results/OPRA-LoRA_think-boxed/json/DeepSeek_R1_Distill_Qwen_1_5B_adalora/DeepSeek-R1-Distill-Qwen-1.5B_adalora__global_step_300/g1/aime24x8/test_think-boxed_-1_seed0_t0.6_s0_e-1_think-boxed_metrics.json,eval_root
k,aime24x8,16,DeepSeek-R1-Distill-Qwen-1.5B_adalora,AdaLoRA,300,38.2,38.2,/home/caixq/project/LLM_EVAL/eval_results/OPRA-LoRA_think-boxed/json/DeepSeek_R1_Distill_Qwen_1_5B_adalora/DeepSeek-R1-Distill-Qwen-1.5B_adalora__global_step_300/g1/aime24x8/test_think-boxed_-1_seed0_t0.6_s0_e-1_think-boxed_metrics.json,eval_root
k,aime24x8,32,DeepSeek-R1-Distill-Qwen-1.5B_adalora,AdaLoRA,300,45.7,45.7,/home/caixq/project/LLM_EVAL/eval_results/OPRA-LoRA_think-boxed/json/DeepSeek_R1_Distill_Qwen_1_5B_adalora/DeepSeek-R1-Distill-Qwen-1.5B_adalora__global_step_300/g1/aime24x8/test_think-boxed_-1_seed0_t0.6_s0_e-1_think-boxed_metrics.json,eval_root
k,aime24x8,64,DeepSeek-R1-Distill-Qwen-1.5B_adalora,AdaLoRA,300,52.5,52.5,/home/caixq/project/LLM_EVAL/eval_results/OPRA-LoRA_think-boxed/json/DeepSeek_R1_Distill_Qwen_1_5B_adalora/DeepSeek-R1-Distill-Qwen-1.5B_adalora__global_step_300/g1/aime24x8/test_think-boxed_-1_seed0_t0.6_s0_e-1_think-boxed_metrics.json,eval_root
k,aime24x8,128,DeepSeek-R1-Distill-Qwen-1.5B_adalora,AdaLoRA,300,58.8,58.8,/home/caixq/project/LLM_EVAL/eval_results/OPRA-LoRA_think-boxed/json/DeepSeek_R1_Distill_Qwen_1_5B_adalora/DeepSeek-R1-Distill-Qwen-1.5B_adalora__global_step_300/g1/aime24x8/test_think-boxed_-1_seed0_t0.6_s0_e-1_think-boxed_metrics.json,eval_root
k,amc23x8,1,DeepSeek-R1-Distill-Qwen-1.5B_pissa,PiSSA,300,0.8,0.8,/home/caixq/project/LLM_EVAL/eval_results/OPRA-LoRA_think-boxed/json/DeepSeek_R1_Distill_Qwen_1_5B_pissa/DeepSeek-R1-Distill-Qwen-1.5B_pissa__global_step_300/g1/amc23x8/test_think-boxed_-1_seed0_t0.6_s0_e-1_think-boxed_metrics.json,eval_root
k,amc23x8,8,DeepSeek-R1-Distill-Qwen-1.5B_pissa,PiSSA,300,5.5,5.5,/home/caixq/project/LLM_EVAL/eval_results/OPRA-LoRA_think-boxed/json/DeepSeek_R1_Distill_Qwen_1_5B_pissa/DeepSeek-R1-Distill-Qwen-1.5B_pissa__global_step_300/g1/amc23x8/test_think-boxed_-1_seed0_t0.6_s0_e-1_think-boxed_metrics.json,eval_root
k,amc23x8,16,DeepSeek-R1-Distill-Qwen-1.5B_pissa,PiSSA,300,9.9,9.9,/home/caixq/project/LLM_EVAL/eval_results/OPRA-LoRA_think-boxed/json/DeepSeek_R1_Distill_Qwen_1_5B_pissa/DeepSeek-R1-Distill-Qwen-1.5B_pissa__global_step_300/g1/amc23x8/test_think-boxed_-1_seed0_t0.6_s0_e-1_think-boxed_metrics.json,eval_root
k,amc23x8,32,DeepSeek-R1-Distill-Qwen-1.5B_pissa,PiSSA,300,16.5,16.5,/home/caixq/project/LLM_EVAL/eval_results/OPRA-LoRA_think-boxed/json/DeepSeek_R1_Distill_Qwen_1_5B_pissa/DeepSeek-R1-Distill-Qwen-1.5B_pissa__global_step_300/g1/amc23x8/test_think-boxed_-1_seed0_t0.6_s0_e-1_think-boxed_metrics.json,eval_root
k,amc23x8,64,DeepSeek-R1-Distill-Qwen-1.5B_pissa,PiSSA,300,24.4,24.4,/home/caixq/project/LLM_EVAL/eval_results/OPRA-LoRA_think-boxed/json/DeepSeek_R1_Distill_Qwen_1_5B_pissa/DeepSeek-R1-Distill-Qwen-1.5B_pissa__global_step_300/g1/amc23x8/test_think-boxed_-1_seed0_t0.6_s0_e-1_think-boxed_metrics.json,eval_root
k,amc23x8,128,DeepSeek-R1-Distill-Qwen-1.5B_pissa,PiSSA,300,32.2,32.2,/home/caixq/project/LLM_EVAL/eval_results/OPRA-LoRA_think-boxed/json/DeepSeek_R1_Distill_Qwen_1_5B_pissa/DeepSeek-R1-Distill-Qwen-1.5B_pissa__global_step_300/g1/amc23x8/test_think-boxed_-1_seed0_t0.6_s0_e-1_think-boxed_metrics.json,eval_root
k,amc23x8,1,DeepSeek-R1-Distill-Qwen-1.5B_rslora,RSLoRA,300,0.5,0.5,/home/caixq/project/LLM_EVAL/eval_results/OPRA-LoRA_think-boxed/json/DeepSeek_R1_Distill_Qwen_1_5B_rslora/DeepSeek-R1-Distill-Qwen-1.5B_rslora__global_step_300/g1/amc23x8/test_think-boxed_-1_seed0_t0.6_s0_e-1_think-boxed_metrics.json,eval_root
k,amc23x8,8,DeepSeek-R1-Distill-Qwen-1.5B_rslora,RSLoRA,300,3.2,3.2,/home/caixq/project/LLM_EVAL/eval_results/OPRA-LoRA_think-boxed/json/DeepSeek_R1_Distill_Qwen_1_5B_rslora/DeepSeek-R1-Distill-Qwen-1.5B_rslora__global_step_300/g1/amc23x8/test_think-boxed_-1_seed0_t0.6_s0_e-1_think-boxed_metrics.json,eval_root
k,amc23x8,16,DeepSeek-R1-Distill-Qwen-1.5B_rslora,RSLoRA,300,5.6,5.6,/home/caixq/project/LLM_EVAL/eval_results/OPRA-LoRA_think-boxed/json/DeepSeek_R1_Distill_Qwen_1_5B_rslora/DeepSeek-R1-Distill-Qwen-1.5B_rslora__global_step_300/g1/amc23x8/test_think-boxed_-1_seed0_t0.6_s0_e-1_think-boxed_metrics.json,eval_root
k,amc23x8,32,DeepSeek-R1-Distill-Qwen-1.5B_rslora,RSLoRA,300,9.1,9.1,/home/caixq/project/LLM_EVAL/eval_results/OPRA-LoRA_think-boxed/json/DeepSeek_R1_Distill_Qwen_1_5B_rslora/DeepSeek-R1-Distill-Qwen-1.5B_rslora__global_step_300/g1/amc23x8/test_think-boxed_-1_seed0_t0.6_s0_e-1_think-boxed_metrics.json,eval_root
k,amc23x8,64,DeepSeek-R1-Distill-Qwen-1.5B_rslora,RSLoRA,300,13.9,13.9,/home/caixq/project/LLM_EVAL/eval_results/OPRA-LoRA_think-boxed/json/DeepSeek_R1_Distill_Qwen_1_5B_rslora/DeepSeek-R1-Distill-Qwen-1.5B_rslora__global_step_300/g1/amc23x8/test_think-boxed_-1_seed0_t0.6_s0_e-1_think-boxed_metrics.json,eval_root
k,amc23x8,128,DeepSeek-R1-Distill-Qwen-1.5B_rslora,RSLoRA,300,20.6,20.6,/home/caixq/project/LLM_EVAL/eval_results/OPRA-LoRA_think-boxed/json/DeepSeek_R1_Distill_Qwen_1_5B_rslora/DeepSeek-R1-Distill-Qwen-1.5B_rslora__global_step_300/g1/amc23x8/test_think-boxed_-1_seed0_t0.6_s0_e-1_think-boxed_metrics.json,eval_root
k,amc23x8,1,Base Model,Base Model,-1,41.4,41.4,/home/caixq/project/LLM_EVAL/eval_results/OPRA-LoRA_think-boxed/json/base__DeepSeek-R1-Distill-Qwen-1.5B/g1/amc23x8/test_qwen25-math-cot_-1_seed0_t0.6_s0_e-1_think-boxed_metrics.json,eval_root
k,amc23x8,1,DeepSeek-R1-Distill-Qwen-1.5B_vanilla,LoRA,300,1.7,1.7,/home/caixq/project/LLM_EVAL/eval_results/OPRA-LoRA_think-boxed/json/DeepSeek_R1_Distill_Qwen_1_5B_vanilla/DeepSeek-R1-Distill-Qwen-1.5B_vanilla__global_step_300/g1/amc23x8/test_think-boxed_-1_seed0_t0.6_s0_e-1_think-boxed_metrics.json,eval_root
k,amc23x8,8,DeepSeek-R1-Distill-Qwen-1.5B_vanilla,LoRA,300,10.2,10.2,/home/caixq/project/LLM_EVAL/eval_results/OPRA-LoRA_think-boxed/json/DeepSeek_R1_Distill_Qwen_1_5B_vanilla/DeepSeek-R1-Distill-Qwen-1.5B_vanilla__global_step_300/g1/amc23x8/test_think-boxed_-1_seed0_t0.6_s0_e-1_think-boxed_metrics.json,eval_root
k,amc23x8,16,DeepSeek-R1-Distill-Qwen-1.5B_vanilla,LoRA,300,15.9,15.9,/home/caixq/project/LLM_EVAL/eval_results/OPRA-LoRA_think-boxed/json/DeepSeek_R1_Distill_Qwen_1_5B_vanilla/DeepSeek-R1-Distill-Qwen-1.5B_vanilla__global_step_300/g1/amc23x8/test_think-boxed_-1_seed0_t0.6_s0_e-1_think-boxed_metrics.json,eval_root
k,amc23x8,32,DeepSeek-R1-Distill-Qwen-1.5B_vanilla,LoRA,300,21.8,21.8,/home/caixq/project/LLM_EVAL/eval_results/OPRA-LoRA_think-boxed/json/DeepSeek_R1_Distill_Qwen_1_5B_vanilla/DeepSeek-R1-Distill-Qwen-1.5B_vanilla__global_step_300/g1/amc23x8/test_think-boxed_-1_seed0_t0.6_s0_e-1_think-boxed_metrics.json,eval_root
k,amc23x8,64,DeepSeek-R1-Distill-Qwen-1.5B_vanilla,LoRA,300,27.2,27.2,/home/caixq/project/LLM_EVAL/eval_results/OPRA-LoRA_think-boxed/json/DeepSeek_R1_Distill_Qwen_1_5B_vanilla/DeepSeek-R1-Distill-Qwen-1.5B_vanilla__global_step_300/g1/amc23x8/test_think-boxed_-1_seed0_t0.6_s0_e-1_think-boxed_metrics.json,eval_root
k,amc23x8,128,DeepSeek-R1-Distill-Qwen-1.5B_vanilla,LoRA,300,32.2,32.2,/home/caixq/project/LLM_EVAL/eval_results/OPRA-LoRA_think-boxed/json/DeepSeek_R1_Distill_Qwen_1_5B_vanilla/DeepSeek-R1-Distill-Qwen-1.5B_vanilla__global_step_300/g1/amc23x8/test_think-boxed_-1_seed0_t0.6_s0_e-1_think-boxed_metrics.json,eval_root
k,amc23x8,1,DeepSeek-R1-Distill-Qwen-1.5B_opra_opra,RCA (Ours),100,58.2,58.2,/home/caixq/project/LLM_EVAL/eval_results/OPRA-K-ABLATION_think-boxed/json/DeepSeek_R1_Distill_Qwen_1_5B_opra_r32_k1/DeepSeek-R1-Distill-Qwen-1.5B_opra_r32_k1__global_step_100/g1/amc23x8/test_think-boxed_-1_seed0_t0.6_s0_e-1_think-boxed_metrics.json,opra_principle_best
k,amc23x8,8,DeepSeek-R1-Distill-Qwen-1.5B_opra_opra,RCA (Ours),100,85.4,85.4,/home/caixq/project/LLM_EVAL/eval_results/OPRA-K-ABLATION_think-boxed/json/DeepSeek_R1_Distill_Qwen_1_5B_opra_r32_k1/DeepSeek-R1-Distill-Qwen-1.5B_opra_r32_k1__global_step_100/g1/amc23x8/test_think-boxed_-1_seed0_t0.6_s0_e-1_think-boxed_metrics.json,opra_principle_best
k,amc23x8,16,DeepSeek-R1-Distill-Qwen-1.5B_opra_opra,RCA (Ours),100,91.0,91.0,/home/caixq/project/LLM_EVAL/eval_results/OPRA-K-ABLATION_think-boxed/json/DeepSeek_R1_Distill_Qwen_1_5B_opra_r32_k1/DeepSeek-R1-Distill-Qwen-1.5B_opra_r32_k1__global_step_100/g1/amc23x8/test_think-boxed_-1_seed0_t0.6_s0_e-1_think-boxed_metrics.json,opra_principle_best
k,amc23x8,32,DeepSeek-R1-Distill-Qwen-1.5B_opra_opra,RCA (Ours),100,95.0,95.0,/home/caixq/project/LLM_EVAL/eval_results/OPRA-K-ABLATION_think-boxed/json/DeepSeek_R1_Distill_Qwen_1_5B_opra_r32_k1/DeepSeek-R1-Distill-Qwen-1.5B_opra_r32_k1__global_step_100/g1/amc23x8/test_think-boxed_-1_seed0_t0.6_s0_e-1_think-boxed_metrics.json,opra_principle_best
k,amc23x8,64,DeepSeek-R1-Distill-Qwen-1.5B_opra_opra,RCA (Ours),100,96.6,96.6,/home/caixq/project/LLM_EVAL/eval_results/OPRA-LoRA_think-boxed/json/DeepSeek_R1_Distill_Qwen_1_5B_opra_opra/DeepSeek-R1-Distill-Qwen-1.5B_opra_opra__global_step_100/g1/amc23x8/test_think-boxed_-1_seed0_t0.6_s0_e-1_think-boxed_metrics.json,eval_root
k,amc23x8,128,DeepSeek-R1-Distill-Qwen-1.5B_opra_opra,RCA (Ours),100,97.8,97.8,/home/caixq/project/LLM_EVAL/eval_results/OPRA-LoRA_think-boxed/json/DeepSeek_R1_Distill_Qwen_1_5B_opra_opra/DeepSeek-R1-Distill-Qwen-1.5B_opra_opra__global_step_100/g1/amc23x8/test_think-boxed_-1_seed0_t0.6_s0_e-1_think-boxed_metrics.json,eval_root
k,amc23x8,1,ver_rule_grpo_nocurl_DeepSeek-R1-Distill-Qwen-1.5B,FFT,313,50.7,50.7,/home/caixq/project/LLM_EVAL/eval_results/OPRA-LoRA_think-boxed/json/ver_rule_grpo_DeepSeek-R1-Distill-Qwen-1.5B/ver_rule_grpo_nocurl_DeepSeek-R1-Distill-Qwen-1.5B__global_step_313/g1/amc23x8/test_think-boxed_-1_seed0_t0.6_s0_e-1_think-boxed_metrics.json,eval_root
k,amc23x8,8,ver_rule_grpo_nocurl_DeepSeek-R1-Distill-Qwen-1.5B,FFT,313,79.3,79.3,/home/caixq/project/LLM_EVAL/eval_results/OPRA-LoRA_think-boxed/json/ver_rule_grpo_DeepSeek-R1-Distill-Qwen-1.5B/ver_rule_grpo_nocurl_DeepSeek-R1-Distill-Qwen-1.5B__global_step_313/g1/amc23x8/test_think-boxed_-1_seed0_t0.6_s0_e-1_think-boxed_metrics.json,eval_root
k,amc23x8,1,DeepSeek-R1-Distill-Qwen-1.5B_olora,OLoRA,300,36.2,36.2,/home/caixq/project/LLM_EVAL/eval_results/OPRA-LoRA_think-boxed/json/DeepSeek_R1_Distill_Qwen_1_5B_olora/DeepSeek-R1-Distill-Qwen-1.5B_olora__global_step_300/g1/amc23x8/test_think-boxed_-1_seed0_t0.6_s0_e-1_think-boxed_metrics.json,eval_root
k,amc23x8,8,DeepSeek-R1-Distill-Qwen-1.5B_olora,OLoRA,300,68.9,68.9,/home/caixq/project/LLM_EVAL/eval_results/OPRA-LoRA_think-boxed/json/DeepSeek_R1_Distill_Qwen_1_5B_olora/DeepSeek-R1-Distill-Qwen-1.5B_olora__global_step_300/g1/amc23x8/test_think-boxed_-1_seed0_t0.6_s0_e-1_think-boxed_metrics.json,eval_root
k,amc23x8,16,DeepSeek-R1-Distill-Qwen-1.5B_olora,OLoRA,300,79.2,79.2,/home/caixq/project/LLM_EVAL/eval_results/OPRA-LoRA_think-boxed/json/DeepSeek_R1_Distill_Qwen_1_5B_olora/DeepSeek-R1-Distill-Qwen-1.5B_olora__global_step_300/g1/amc23x8/test_think-boxed_-1_seed0_t0.6_s0_e-1_think-boxed_metrics.json,eval_root
k,amc23x8,32,DeepSeek-R1-Distill-Qwen-1.5B_olora,OLoRA,300,87.5,87.5,/home/caixq/project/LLM_EVAL/eval_results/OPRA-LoRA_think-boxed/json/DeepSeek_R1_Distill_Qwen_1_5B_olora/DeepSeek-R1-Distill-Qwen-1.5B_olora__global_step_300/g1/amc23x8/test_think-boxed_-1_seed0_t0.6_s0_e-1_think-boxed_metrics.json,eval_root
k,amc23x8,64,DeepSeek-R1-Distill-Qwen-1.5B_olora,OLoRA,300,93.4,93.4,/home/caixq/project/LLM_EVAL/eval_results/OPRA-LoRA_think-boxed/json/DeepSeek_R1_Distill_Qwen_1_5B_olora/DeepSeek-R1-Distill-Qwen-1.5B_olora__global_step_300/g1/amc23x8/test_think-boxed_-1_seed0_t0.6_s0_e-1_think-boxed_metrics.json,eval_root
k,amc23x8,128,DeepSeek-R1-Distill-Qwen-1.5B_olora,OLoRA,300,97.2,97.2,/home/caixq/project/LLM_EVAL/eval_results/OPRA-LoRA_think-boxed/json/DeepSeek_R1_Distill_Qwen_1_5B_olora/DeepSeek-R1-Distill-Qwen-1.5B_olora__global_step_300/g1/amc23x8/test_think-boxed_-1_seed0_t0.6_s0_e-1_think-boxed_metrics.json,eval_root
k,amc23x8,1,DeepSeek-R1-Distill-Qwen-1.5B_adalora,AdaLoRA,300,53.3,53.3,/home/caixq/project/LLM_EVAL/eval_results/OPRA-LoRA_think-boxed/json/DeepSeek_R1_Distill_Qwen_1_5B_adalora/DeepSeek-R1-Distill-Qwen-1.5B_adalora__global_step_300/g1/amc23x8/test_think-boxed_-1_seed0_t0.6_s0_e-1_think-boxed_metrics.json,eval_root
k,amc23x8,8,DeepSeek-R1-Distill-Qwen-1.5B_adalora,AdaLoRA,300,83.3,83.3,/home/caixq/project/LLM_EVAL/eval_results/OPRA-LoRA_think-boxed/json/DeepSeek_R1_Distill_Qwen_1_5B_adalora/DeepSeek-R1-Distill-Qwen-1.5B_adalora__global_step_300/g1/amc23x8/test_think-boxed_-1_seed0_t0.6_s0_e-1_think-boxed_metrics.json,eval_root
k,amc23x8,16,DeepSeek-R1-Distill-Qwen-1.5B_adalora,AdaLoRA,300,89.8,89.8,/home/caixq/project/LLM_EVAL/eval_results/OPRA-LoRA_think-boxed/json/DeepSeek_R1_Distill_Qwen_1_5B_adalora/DeepSeek-R1-Distill-Qwen-1.5B_adalora__global_step_300/g1/amc23x8/test_think-boxed_-1_seed0_t0.6_s0_e-1_think-boxed_metrics.json,eval_root
k,amc23x8,32,DeepSeek-R1-Distill-Qwen-1.5B_adalora,AdaLoRA,300,94.2,94.2,/home/caixq/project/LLM_EVAL/eval_results/OPRA-LoRA_think-boxed/json/DeepSeek_R1_Distill_Qwen_1_5B_adalora/DeepSeek-R1-Distill-Qwen-1.5B_adalora__global_step_300/g1/amc23x8/test_think-boxed_-1_seed0_t0.6_s0_e-1_think-boxed_metrics.json,eval_root
k,amc23x8,64,DeepSeek-R1-Distill-Qwen-1.5B_adalora,AdaLoRA,300,96.9,96.9,/home/caixq/project/LLM_EVAL/eval_results/OPRA-LoRA_think-boxed/json/DeepSeek_R1_Distill_Qwen_1_5B_adalora/DeepSeek-R1-Distill-Qwen-1.5B_adalora__global_step_300/g1/amc23x8/test_think-boxed_-1_seed0_t0.6_s0_e-1_think-boxed_metrics.json,eval_root
k,amc23x8,128,DeepSeek-R1-Distill-Qwen-1.5B_adalora,AdaLoRA,300,97.8,97.8,/home/caixq/project/LLM_EVAL/eval_results/OPRA-LoRA_think-boxed/json/DeepSeek_R1_Distill_Qwen_1_5B_adalora/DeepSeek-R1-Distill-Qwen-1.5B_adalora__global_step_300/g1/amc23x8/test_think-boxed_-1_seed0_t0.6_s0_e-1_think-boxed_metrics.json,eval_root
k,minerva_math,1,DeepSeek-R1-Distill-Qwen-1.5B_pissa,PiSSA,300,0.6,0.6,/home/caixq/project/LLM_EVAL/eval_results/OPRA-LoRA_think-boxed/json/DeepSeek_R1_Distill_Qwen_1_5B_pissa/DeepSeek-R1-Distill-Qwen-1.5B_pissa__global_step_300/g2/minerva_math/test_think-boxed_-1_seed0_t0.8_s0_e-1_think-boxed_metrics.json,eval_root
k,minerva_math,8,DeepSeek-R1-Distill-Qwen-1.5B_pissa,PiSSA,300,2.5,2.5,/home/caixq/project/LLM_EVAL/eval_results/OPRA-LoRA_think-boxed/json/DeepSeek_R1_Distill_Qwen_1_5B_pissa/DeepSeek-R1-Distill-Qwen-1.5B_pissa__global_step_300/g2/minerva_math/test_think-boxed_-1_seed0_t0.8_s0_e-1_think-boxed_metrics.json,eval_root
k,minerva_math,16,DeepSeek-R1-Distill-Qwen-1.5B_pissa,PiSSA,300,4.0,4.0,/home/caixq/project/LLM_EVAL/eval_results/OPRA-LoRA_think-boxed/json/DeepSeek_R1_Distill_Qwen_1_5B_pissa/DeepSeek-R1-Distill-Qwen-1.5B_pissa__global_step_300/g2/minerva_math/test_think-boxed_-1_seed0_t0.8_s0_e-1_think-boxed_metrics.json,eval_root
k,minerva_math,32,DeepSeek-R1-Distill-Qwen-1.5B_pissa,PiSSA,300,6.0,6.0,/home/caixq/project/LLM_EVAL/eval_results/OPRA-LoRA_think-boxed/json/DeepSeek_R1_Distill_Qwen_1_5B_pissa/DeepSeek-R1-Distill-Qwen-1.5B_pissa__global_step_300/g2/minerva_math/test_think-boxed_-1_seed0_t0.8_s0_e-1_think-boxed_metrics.json,eval_root
k,minerva_math,64,DeepSeek-R1-Distill-Qwen-1.5B_pissa,PiSSA,300,7.9,7.9,/home/caixq/project/LLM_EVAL/eval_results/OPRA-LoRA_think-boxed/json/DeepSeek_R1_Distill_Qwen_1_5B_pissa/DeepSeek-R1-Distill-Qwen-1.5B_pissa__global_step_300/g2/minerva_math/test_think-boxed_-1_seed0_t0.8_s0_e-1_think-boxed_metrics.json,eval_root
k,minerva_math,128,DeepSeek-R1-Distill-Qwen-1.5B_pissa,PiSSA,300,9.2,9.2,/home/caixq/project/LLM_EVAL/eval_results/OPRA-LoRA_think-boxed/json/DeepSeek_R1_Distill_Qwen_1_5B_pissa/DeepSeek-R1-Distill-Qwen-1.5B_pissa__global_step_300/g2/minerva_math/test_think-boxed_-1_seed0_t0.8_s0_e-1_think-boxed_metrics.json,eval_root
k,minerva_math,1,DeepSeek-R1-Distill-Qwen-1.5B_rslora,RSLoRA,300,0.2,0.2,/home/caixq/project/LLM_EVAL/eval_results/OPRA-LoRA_think-boxed/json/DeepSeek_R1_Distill_Qwen_1_5B_rslora/DeepSeek-R1-Distill-Qwen-1.5B_rslora__global_step_300/g2/minerva_math/test_think-boxed_-1_seed0_t0.8_s0_e-1_think-boxed_metrics.json,eval_root
k,minerva_math,8,DeepSeek-R1-Distill-Qwen-1.5B_rslora,RSLoRA,300,1.6,1.6,/home/caixq/project/LLM_EVAL/eval_results/OPRA-LoRA_think-boxed/json/DeepSeek_R1_Distill_Qwen_1_5B_rslora/DeepSeek-R1-Distill-Qwen-1.5B_rslora__global_step_300/g2/minerva_math/test_think-boxed_-1_seed0_t0.8_s0_e-1_think-boxed_metrics.json,eval_root
k,minerva_math,16,DeepSeek-R1-Distill-Qwen-1.5B_rslora,RSLoRA,300,2.6,2.6,/home/caixq/project/LLM_EVAL/eval_results/OPRA-LoRA_think-boxed/json/DeepSeek_R1_Distill_Qwen_1_5B_rslora/DeepSeek-R1-Distill-Qwen-1.5B_rslora__global_step_300/g2/minerva_math/test_think-boxed_-1_seed0_t0.8_s0_e-1_think-boxed_metrics.json,eval_root
k,minerva_math,32,DeepSeek-R1-Distill-Qwen-1.5B_rslora,RSLoRA,300,3.8,3.8,/home/caixq/project/LLM_EVAL/eval_results/OPRA-LoRA_think-boxed/json/DeepSeek_R1_Distill_Qwen_1_5B_rslora/DeepSeek-R1-Distill-Qwen-1.5B_rslora__global_step_300/g2/minerva_math/test_think-boxed_-1_seed0_t0.8_s0_e-1_think-boxed_metrics.json,eval_root
k,minerva_math,64,DeepSeek-R1-Distill-Qwen-1.5B_rslora,RSLoRA,300,5.0,5.0,/home/caixq/project/LLM_EVAL/eval_results/OPRA-LoRA_think-boxed/json/DeepSeek_R1_Distill_Qwen_1_5B_rslora/DeepSeek-R1-Distill-Qwen-1.5B_rslora__global_step_300/g2/minerva_math/test_think-boxed_-1_seed0_t0.8_s0_e-1_think-boxed_metrics.json,eval_root
k,minerva_math,128,DeepSeek-R1-Distill-Qwen-1.5B_rslora,RSLoRA,300,5.5,5.5,/home/caixq/project/LLM_EVAL/eval_results/OPRA-LoRA_think-boxed/json/DeepSeek_R1_Distill_Qwen_1_5B_rslora/DeepSeek-R1-Distill-Qwen-1.5B_rslora__global_step_300/g2/minerva_math/test_think-boxed_-1_seed0_t0.8_s0_e-1_think-boxed_metrics.json,eval_root
k,minerva_math,1,Base Model,Base Model,-1,10.5,10.5,/home/caixq/project/LLM_EVAL/eval_results/OPRA-LoRA_think-boxed/json/base__DeepSeek-R1-Distill-Qwen-1.5B/g2/minerva_math/test_qwen25-math-cot_-1_seed0_t0.0_s0_e-1_think-boxed_metrics.json,eval_root
k,minerva_math,1,DeepSeek-R1-Distill-Qwen-1.5B_vanilla,LoRA,300,1.0,1.0,/home/caixq/project/LLM_EVAL/eval_results/OPRA-LoRA_think-boxed/json/DeepSeek_R1_Distill_Qwen_1_5B_vanilla/DeepSeek-R1-Distill-Qwen-1.5B_vanilla__global_step_300/g2/minerva_math/test_think-boxed_-1_seed0_t0.8_s0_e-1_think-boxed_metrics.json,eval_root
k,minerva_math,8,DeepSeek-R1-Distill-Qwen-1.5B_vanilla,LoRA,300,5.0,5.0,/home/caixq/project/LLM_EVAL/eval_results/OPRA-LoRA_think-boxed/json/DeepSeek_R1_Distill_Qwen_1_5B_vanilla/DeepSeek-R1-Distill-Qwen-1.5B_vanilla__global_step_300/g2/minerva_math/test_think-boxed_-1_seed0_t0.8_s0_e-1_think-boxed_metrics.json,eval_root
k,minerva_math,16,DeepSeek-R1-Distill-Qwen-1.5B_vanilla,LoRA,300,6.8,6.8,/home/caixq/project/LLM_EVAL/eval_results/OPRA-LoRA_think-boxed/json/DeepSeek_R1_Distill_Qwen_1_5B_vanilla/DeepSeek-R1-Distill-Qwen-1.5B_vanilla__global_step_300/g2/minerva_math/test_think-boxed_-1_seed0_t0.8_s0_e-1_think-boxed_metrics.json,eval_root
k,minerva_math,32,DeepSeek-R1-Distill-Qwen-1.5B_vanilla,LoRA,300,8.6,8.6,/home/caixq/project/LLM_EVAL/eval_results/OPRA-LoRA_think-boxed/json/DeepSeek_R1_Distill_Qwen_1_5B_vanilla/DeepSeek-R1-Distill-Qwen-1.5B_vanilla__global_step_300/g2/minerva_math/test_think-boxed_-1_seed0_t0.8_s0_e-1_think-boxed_metrics.json,eval_root
k,minerva_math,64,DeepSeek-R1-Distill-Qwen-1.5B_vanilla,LoRA,300,10.2,10.2,/home/caixq/project/LLM_EVAL/eval_results/OPRA-LoRA_think-boxed/json/DeepSeek_R1_Distill_Qwen_1_5B_vanilla/DeepSeek-R1-Distill-Qwen-1.5B_vanilla__global_step_300/g2/minerva_math/test_think-boxed_-1_seed0_t0.8_s0_e-1_think-boxed_metrics.json,eval_root
k,minerva_math,128,DeepSeek-R1-Distill-Qwen-1.5B_vanilla,LoRA,300,11.4,11.4,/home/caixq/project/LLM_EVAL/eval_results/OPRA-LoRA_think-boxed/json/DeepSeek_R1_Distill_Qwen_1_5B_vanilla/DeepSeek-R1-Distill-Qwen-1.5B_vanilla__global_step_300/g2/minerva_math/test_think-boxed_-1_seed0_t0.8_s0_e-1_think-boxed_metrics.json,eval_root
k,minerva_math,1,DeepSeek-R1-Distill-Qwen-1.5B_opra_opra,RCA (Ours),100,14.4,14.4,/home/caixq/project/LLM_EVAL/eval_results/OPRA-K-ABLATION_think-boxed/json/DeepSeek_R1_Distill_Qwen_1_5B_opra_r32_k1/DeepSeek-R1-Distill-Qwen-1.5B_opra_r32_k1__global_step_100/g2/minerva_math/test_think-boxed_-1_seed0_t0.8_s0_e-1_think-boxed_metrics.json,opra_principle_best
k,minerva_math,8,DeepSeek-R1-Distill-Qwen-1.5B_opra_opra,RCA (Ours),200,35.2,35.2,/home/caixq/project/LLM_EVAL/eval_results/OPRA-K-ABLATION_think-boxed/json/DeepSeek_R1_Distill_Qwen_1_5B_opra_r32_k16/DeepSeek-R1-Distill-Qwen-1.5B_opra_r32_k16__global_step_200/g2/minerva_math/test_think-boxed_-1_seed0_t0.8_s0_e-1_think-boxed_metrics.json,opra_principle_best
k,minerva_math,16,DeepSeek-R1-Distill-Qwen-1.5B_opra_opra,RCA (Ours),200,41.9,41.9,/home/caixq/project/LLM_EVAL/eval_results/OPRA-K-ABLATION_think-boxed/json/DeepSeek_R1_Distill_Qwen_1_5B_opra_r32_k16/DeepSeek-R1-Distill-Qwen-1.5B_opra_r32_k16__global_step_200/g2/minerva_math/test_think-boxed_-1_seed0_t0.8_s0_e-1_think-boxed_metrics.json,opra_principle_best
k,minerva_math,32,DeepSeek-R1-Distill-Qwen-1.5B_opra_opra,RCA (Ours),200,47.8,47.8,/home/caixq/project/LLM_EVAL/eval_results/OPRA-K-ABLATION_think-boxed/json/DeepSeek_R1_Distill_Qwen_1_5B_opra_r32_k16/DeepSeek-R1-Distill-Qwen-1.5B_opra_r32_k16__global_step_200/g2/minerva_math/test_think-boxed_-1_seed0_t0.8_s0_e-1_think-boxed_metrics.json,opra_principle_best
k,minerva_math,64,DeepSeek-R1-Distill-Qwen-1.5B_opra_opra,RCA (Ours),100,51.5,51.5,/home/caixq/project/LLM_EVAL/eval_results/OPRA-LoRA_think-boxed/json/DeepSeek_R1_Distill_Qwen_1_5B_opra_opra/DeepSeek-R1-Distill-Qwen-1.5B_opra_opra__global_step_100/g2/minerva_math/test_think-boxed_-1_seed0_t0.8_s0_e-1_think-boxed_metrics.json,eval_root
k,minerva_math,128,DeepSeek-R1-Distill-Qwen-1.5B_opra_opra,RCA (Ours),100,55.1,55.1,/home/caixq/project/LLM_EVAL/eval_results/OPRA-LoRA_think-boxed/json/DeepSeek_R1_Distill_Qwen_1_5B_opra_opra/DeepSeek-R1-Distill-Qwen-1.5B_opra_opra__global_step_100/g2/minerva_math/test_think-boxed_-1_seed0_t0.8_s0_e-1_think-boxed_metrics.json,eval_root
k,minerva_math,1,ver_rule_grpo_nocurl_DeepSeek-R1-Distill-Qwen-1.5B,FFT,313,10.9,10.9,/home/caixq/project/LLM_EVAL/eval_results/OPRA-LoRA_think-boxed/json/ver_rule_grpo_DeepSeek-R1-Distill-Qwen-1.5B/ver_rule_grpo_nocurl_DeepSeek-R1-Distill-Qwen-1.5B__global_step_313/g2/minerva_math/test_think-boxed_-1_seed0_t0.0_s0_e-1_think-boxed_metrics.json,eval_root
k,minerva_math,8,ver_rule_grpo_nocurl_DeepSeek-R1-Distill-Qwen-1.5B,FFT,313,15.5,15.5,/home/caixq/project/LLM_EVAL/eval_results/OPRA-LoRA_think-boxed/json/ver_rule_grpo_DeepSeek-R1-Distill-Qwen-1.5B/ver_rule_grpo_nocurl_DeepSeek-R1-Distill-Qwen-1.5B__global_step_313/g2/minerva_math/test_think-boxed_-1_seed0_t0.0_s0_e-1_think-boxed_metrics.json,eval_root
k,minerva_math,1,DeepSeek-R1-Distill-Qwen-1.5B_olora,OLoRA,300,10.9,10.9,/home/caixq/project/LLM_EVAL/eval_results/OPRA-LoRA_think-boxed/json/DeepSeek_R1_Distill_Qwen_1_5B_olora/DeepSeek-R1-Distill-Qwen-1.5B_olora__global_step_300/g2/minerva_math/test_think-boxed_-1_seed0_t0.8_s0_e-1_think-boxed_metrics.json,eval_root
k,minerva_math,8,DeepSeek-R1-Distill-Qwen-1.5B_olora,OLoRA,300,29.2,29.2,/home/caixq/project/LLM_EVAL/eval_results/OPRA-LoRA_think-boxed/json/DeepSeek_R1_Distill_Qwen_1_5B_olora/DeepSeek-R1-Distill-Qwen-1.5B_olora__global_step_300/g2/minerva_math/test_think-boxed_-1_seed0_t0.8_s0_e-1_think-boxed_metrics.json,eval_root
k,minerva_math,16,DeepSeek-R1-Distill-Qwen-1.5B_olora,OLoRA,300,34.8,34.8,/home/caixq/project/LLM_EVAL/eval_results/OPRA-LoRA_think-boxed/json/DeepSeek_R1_Distill_Qwen_1_5B_olora/DeepSeek-R1-Distill-Qwen-1.5B_olora__global_step_300/g2/minerva_math/test_think-boxed_-1_seed0_t0.8_s0_e-1_think-boxed_metrics.json,eval_root
k,minerva_math,32,DeepSeek-R1-Distill-Qwen-1.5B_olora,OLoRA,300,40.3,40.3,/home/caixq/project/LLM_EVAL/eval_results/OPRA-LoRA_think-boxed/json/DeepSeek_R1_Distill_Qwen_1_5B_olora/DeepSeek-R1-Distill-Qwen-1.5B_olora__global_step_300/g2/minerva_math/test_think-boxed_-1_seed0_t0.8_s0_e-1_think-boxed_metrics.json,eval_root
k,minerva_math,64,DeepSeek-R1-Distill-Qwen-1.5B_olora,OLoRA,300,46.1,46.1,/home/caixq/project/LLM_EVAL/eval_results/OPRA-LoRA_think-boxed/json/DeepSeek_R1_Distill_Qwen_1_5B_olora/DeepSeek-R1-Distill-Qwen-1.5B_olora__global_step_300/g2/minerva_math/test_think-boxed_-1_seed0_t0.8_s0_e-1_think-boxed_metrics.json,eval_root
k,minerva_math,128,DeepSeek-R1-Distill-Qwen-1.5B_olora,OLoRA,300,52.2,52.2,/home/caixq/project/LLM_EVAL/eval_results/OPRA-LoRA_think-boxed/json/DeepSeek_R1_Distill_Qwen_1_5B_olora/DeepSeek-R1-Distill-Qwen-1.5B_olora__global_step_300/g2/minerva_math/test_think-boxed_-1_seed0_t0.8_s0_e-1_think-boxed_metrics.json,eval_root
k,minerva_math,1,DeepSeek-R1-Distill-Qwen-1.5B_adalora,AdaLoRA,300,3.6,3.6,/home/caixq/project/LLM_EVAL/eval_results/OPRA-LoRA_think-boxed/json/DeepSeek_R1_Distill_Qwen_1_5B_adalora/DeepSeek-R1-Distill-Qwen-1.5B_adalora__global_step_300/g2/minerva_math/test_think-boxed_-1_seed0_t0.8_s0_e-1_think-boxed_metrics.json,eval_root
k,minerva_math,8,DeepSeek-R1-Distill-Qwen-1.5B_adalora,AdaLoRA,300,8.9,8.9,/home/caixq/project/LLM_EVAL/eval_results/OPRA-LoRA_think-boxed/json/DeepSeek_R1_Distill_Qwen_1_5B_adalora/DeepSeek-R1-Distill-Qwen-1.5B_adalora__global_step_300/g2/minerva_math/test_think-boxed_-1_seed0_t0.8_s0_e-1_think-boxed_metrics.json,eval_root
k,minerva_math,16,DeepSeek-R1-Distill-Qwen-1.5B_adalora,AdaLoRA,300,10.5,10.5,/home/caixq/project/LLM_EVAL/eval_results/OPRA-LoRA_think-boxed/json/DeepSeek_R1_Distill_Qwen_1_5B_adalora/DeepSeek-R1-Distill-Qwen-1.5B_adalora__global_step_300/g2/minerva_math/test_think-boxed_-1_seed0_t0.8_s0_e-1_think-boxed_metrics.json,eval_root
k,minerva_math,32,DeepSeek-R1-Distill-Qwen-1.5B_adalora,AdaLoRA,300,11.7,11.7,/home/caixq/project/LLM_EVAL/eval_results/OPRA-LoRA_think-boxed/json/DeepSeek_R1_Distill_Qwen_1_5B_adalora/DeepSeek-R1-Distill-Qwen-1.5B_adalora__global_step_300/g2/minerva_math/test_think-boxed_-1_seed0_t0.8_s0_e-1_think-boxed_metrics.json,eval_root
k,minerva_math,64,DeepSeek-R1-Distill-Qwen-1.5B_adalora,AdaLoRA,300,12.5,12.5,/home/caixq/project/LLM_EVAL/eval_results/OPRA-LoRA_think-boxed/json/DeepSeek_R1_Distill_Qwen_1_5B_adalora/DeepSeek-R1-Distill-Qwen-1.5B_adalora__global_step_300/g2/minerva_math/test_think-boxed_-1_seed0_t0.8_s0_e-1_think-boxed_metrics.json,eval_root
k,minerva_math,128,DeepSeek-R1-Distill-Qwen-1.5B_adalora,AdaLoRA,300,12.9,12.9,/home/caixq/project/LLM_EVAL/eval_results/OPRA-LoRA_think-boxed/json/DeepSeek_R1_Distill_Qwen_1_5B_adalora/DeepSeek-R1-Distill-Qwen-1.5B_adalora__global_step_300/g2/minerva_math/test_think-boxed_-1_seed0_t0.8_s0_e-1_think-boxed_metrics.json,eval_root
k,olympiadbench,1,DeepSeek-R1-Distill-Qwen-1.5B_pissa,PiSSA,300,0.8,0.8,/home/caixq/project/LLM_EVAL/eval_results/OPRA-LoRA_think-boxed/json/DeepSeek_R1_Distill_Qwen_1_5B_pissa/DeepSeek-R1-Distill-Qwen-1.5B_pissa__global_step_300/g2/olympiadbench/test_think-boxed_-1_seed0_t0.8_s0_e-1_think-boxed_metrics.json,eval_root
k,olympiadbench,8,DeepSeek-R1-Distill-Qwen-1.5B_pissa,PiSSA,300,3.6,3.6,/home/caixq/project/LLM_EVAL/eval_results/OPRA-LoRA_think-boxed/json/DeepSeek_R1_Distill_Qwen_1_5B_pissa/DeepSeek-R1-Distill-Qwen-1.5B_pissa__global_step_300/g2/olympiadbench/test_think-boxed_-1_seed0_t0.8_s0_e-1_think-boxed_metrics.json,eval_root
k,olympiadbench,16,DeepSeek-R1-Distill-Qwen-1.5B_pissa,PiSSA,300,5.7,5.7,/home/caixq/project/LLM_EVAL/eval_results/OPRA-LoRA_think-boxed/json/DeepSeek_R1_Distill_Qwen_1_5B_pissa/DeepSeek-R1-Distill-Qwen-1.5B_pissa__global_step_300/g2/olympiadbench/test_think-boxed_-1_seed0_t0.8_s0_e-1_think-boxed_metrics.json,eval_root
k,olympiadbench,32,DeepSeek-R1-Distill-Qwen-1.5B_pissa,PiSSA,300,8.6,8.6,/home/caixq/project/LLM_EVAL/eval_results/OPRA-LoRA_think-boxed/json/DeepSeek_R1_Distill_Qwen_1_5B_pissa/DeepSeek-R1-Distill-Qwen-1.5B_pissa__global_step_300/g2/olympiadbench/test_think-boxed_-1_seed0_t0.8_s0_e-1_think-boxed_metrics.json,eval_root
k,olympiadbench,64,DeepSeek-R1-Distill-Qwen-1.5B_pissa,PiSSA,300,11.6,11.6,/home/caixq/project/LLM_EVAL/eval_results/OPRA-LoRA_think-boxed/json/DeepSeek_R1_Distill_Qwen_1_5B_pissa/DeepSeek-R1-Distill-Qwen-1.5B_pissa__global_step_300/g2/olympiadbench/test_think-boxed_-1_seed0_t0.8_s0_e-1_think-boxed_metrics.json,eval_root
k,olympiadbench,128,DeepSeek-R1-Distill-Qwen-1.5B_pissa,PiSSA,300,14.1,14.1,/home/caixq/project/LLM_EVAL/eval_results/OPRA-LoRA_think-boxed/json/DeepSeek_R1_Distill_Qwen_1_5B_pissa/DeepSeek-R1-Distill-Qwen-1.5B_pissa__global_step_300/g2/olympiadbench/test_think-boxed_-1_seed0_t0.8_s0_e-1_think-boxed_metrics.json,eval_root
k,olympiadbench,1,DeepSeek-R1-Distill-Qwen-1.5B_rslora,RSLoRA,300,0.3,0.3,/home/caixq/project/LLM_EVAL/eval_results/OPRA-LoRA_think-boxed/json/DeepSeek_R1_Distill_Qwen_1_5B_rslora/DeepSeek-R1-Distill-Qwen-1.5B_rslora__global_step_300/g2/olympiadbench/test_think-boxed_-1_seed0_t0.8_s0_e-1_think-boxed_metrics.json,eval_root
k,olympiadbench,8,DeepSeek-R1-Distill-Qwen-1.5B_rslora,RSLoRA,300,2.0,2.0,/home/caixq/project/LLM_EVAL/eval_results/OPRA-LoRA_think-boxed/json/DeepSeek_R1_Distill_Qwen_1_5B_rslora/DeepSeek-R1-Distill-Qwen-1.5B_rslora__global_step_300/g2/olympiadbench/test_think-boxed_-1_seed0_t0.8_s0_e-1_think-boxed_metrics.json,eval_root
k,olympiadbench,16,DeepSeek-R1-Distill-Qwen-1.5B_rslora,RSLoRA,300,3.3,3.3,/home/caixq/project/LLM_EVAL/eval_results/OPRA-LoRA_think-boxed/json/DeepSeek_R1_Distill_Qwen_1_5B_rslora/DeepSeek-R1-Distill-Qwen-1.5B_rslora__global_step_300/g2/olympiadbench/test_think-boxed_-1_seed0_t0.8_s0_e-1_think-boxed_metrics.json,eval_root
k,olympiadbench,32,DeepSeek-R1-Distill-Qwen-1.5B_rslora,RSLoRA,300,5.0,5.0,/home/caixq/project/LLM_EVAL/eval_results/OPRA-LoRA_think-boxed/json/DeepSeek_R1_Distill_Qwen_1_5B_rslora/DeepSeek-R1-Distill-Qwen-1.5B_rslora__global_step_300/g2/olympiadbench/test_think-boxed_-1_seed0_t0.8_s0_e-1_think-boxed_metrics.json,eval_root
k,olympiadbench,64,DeepSeek-R1-Distill-Qwen-1.5B_rslora,RSLoRA,300,7.0,7.0,/home/caixq/project/LLM_EVAL/eval_results/OPRA-LoRA_think-boxed/json/DeepSeek_R1_Distill_Qwen_1_5B_rslora/DeepSeek-R1-Distill-Qwen-1.5B_rslora__global_step_300/g2/olympiadbench/test_think-boxed_-1_seed0_t0.8_s0_e-1_think-boxed_metrics.json,eval_root
k,olympiadbench,128,DeepSeek-R1-Distill-Qwen-1.5B_rslora,RSLoRA,300,9.0,9.0,/home/caixq/project/LLM_EVAL/eval_results/OPRA-LoRA_think-boxed/json/DeepSeek_R1_Distill_Qwen_1_5B_rslora/DeepSeek-R1-Distill-Qwen-1.5B_rslora__global_step_300/g2/olympiadbench/test_think-boxed_-1_seed0_t0.8_s0_e-1_think-boxed_metrics.json,eval_root
k,olympiadbench,1,Base Model,Base Model,-1,22.9,22.9,/home/caixq/project/LLM_EVAL/eval_results/OPRA-LoRA_think-boxed/json/base__DeepSeek-R1-Distill-Qwen-1.5B/g2/olympiadbench/test_qwen25-math-cot_-1_seed0_t0.0_s0_e-1_think-boxed_metrics.json,eval_root
k,olympiadbench,1,DeepSeek-R1-Distill-Qwen-1.5B_vanilla,LoRA,300,1.4,1.4,/home/caixq/project/LLM_EVAL/eval_results/OPRA-LoRA_think-boxed/json/DeepSeek_R1_Distill_Qwen_1_5B_vanilla/DeepSeek-R1-Distill-Qwen-1.5B_vanilla__global_step_300/g2/olympiadbench/test_think-boxed_-1_seed0_t0.8_s0_e-1_think-boxed_metrics.json,eval_root
k,olympiadbench,8,DeepSeek-R1-Distill-Qwen-1.5B_vanilla,LoRA,300,6.7,6.7,/home/caixq/project/LLM_EVAL/eval_results/OPRA-LoRA_think-boxed/json/DeepSeek_R1_Distill_Qwen_1_5B_vanilla/DeepSeek-R1-Distill-Qwen-1.5B_vanilla__global_step_300/g2/olympiadbench/test_think-boxed_-1_seed0_t0.8_s0_e-1_think-boxed_metrics.json,eval_root
k,olympiadbench,16,DeepSeek-R1-Distill-Qwen-1.5B_vanilla,LoRA,300,9.3,9.3,/home/caixq/project/LLM_EVAL/eval_results/OPRA-LoRA_think-boxed/json/DeepSeek_R1_Distill_Qwen_1_5B_vanilla/DeepSeek-R1-Distill-Qwen-1.5B_vanilla__global_step_300/g2/olympiadbench/test_think-boxed_-1_seed0_t0.8_s0_e-1_think-boxed_metrics.json,eval_root
k,olympiadbench,32,DeepSeek-R1-Distill-Qwen-1.5B_vanilla,LoRA,300,11.9,11.9,/home/caixq/project/LLM_EVAL/eval_results/OPRA-LoRA_think-boxed/json/DeepSeek_R1_Distill_Qwen_1_5B_vanilla/DeepSeek-R1-Distill-Qwen-1.5B_vanilla__global_step_300/g2/olympiadbench/test_think-boxed_-1_seed0_t0.8_s0_e-1_think-boxed_metrics.json,eval_root
k,olympiadbench,64,DeepSeek-R1-Distill-Qwen-1.5B_vanilla,LoRA,300,14.0,14.0,/home/caixq/project/LLM_EVAL/eval_results/OPRA-LoRA_think-boxed/json/DeepSeek_R1_Distill_Qwen_1_5B_vanilla/DeepSeek-R1-Distill-Qwen-1.5B_vanilla__global_step_300/g2/olympiadbench/test_think-boxed_-1_seed0_t0.8_s0_e-1_think-boxed_metrics.json,eval_root
k,olympiadbench,128,DeepSeek-R1-Distill-Qwen-1.5B_vanilla,LoRA,300,15.3,15.3,/home/caixq/project/LLM_EVAL/eval_results/OPRA-LoRA_think-boxed/json/DeepSeek_R1_Distill_Qwen_1_5B_vanilla/DeepSeek-R1-Distill-Qwen-1.5B_vanilla__global_step_300/g2/olympiadbench/test_think-boxed_-1_seed0_t0.8_s0_e-1_think-boxed_metrics.json,eval_root
k,olympiadbench,1,DeepSeek-R1-Distill-Qwen-1.5B_opra_opra,RCA (Ours),100,34.9,34.9,/home/caixq/project/LLM_EVAL/eval_results/OPRA-K-ABLATION_think-boxed/json/DeepSeek_R1_Distill_Qwen_1_5B_opra_r32_k1/DeepSeek-R1-Distill-Qwen-1.5B_opra_r32_k1__global_step_100/g2/olympiadbench/test_think-boxed_-1_seed0_t0.8_s0_e-1_think-boxed_metrics.json,opra_principle_best
k,olympiadbench,8,DeepSeek-R1-Distill-Qwen-1.5B_opra_opra,RCA (Ours),100,57.3,57.3,/home/caixq/project/LLM_EVAL/eval_results/OPRA-K-ABLATION_think-boxed/json/DeepSeek_R1_Distill_Qwen_1_5B_opra_r32_k1/DeepSeek-R1-Distill-Qwen-1.5B_opra_r32_k1__global_step_100/g2/olympiadbench/test_think-boxed_-1_seed0_t0.8_s0_e-1_think-boxed_metrics.json,opra_principle_best
k,olympiadbench,16,DeepSeek-R1-Distill-Qwen-1.5B_opra_opra,RCA (Ours),100,62.7,62.7,/home/caixq/project/LLM_EVAL/eval_results/OPRA-K-ABLATION_think-boxed/json/DeepSeek_R1_Distill_Qwen_1_5B_opra_r32_k1/DeepSeek-R1-Distill-Qwen-1.5B_opra_r32_k1__global_step_100/g2/olympiadbench/test_think-boxed_-1_seed0_t0.8_s0_e-1_think-boxed_metrics.json,opra_principle_best
k,olympiadbench,32,DeepSeek-R1-Distill-Qwen-1.5B_opra_opra,RCA (Ours),200,67.4,67.4,/home/caixq/project/LLM_EVAL/eval_results/OPRA-K-ABLATION_think-boxed/json/DeepSeek_R1_Distill_Qwen_1_5B_opra_r32_k16/DeepSeek-R1-Distill-Qwen-1.5B_opra_r32_k16__global_step_200/g2/olympiadbench/test_think-boxed_-1_seed0_t0.8_s0_e-1_think-boxed_metrics.json,opra_principle_best
k,olympiadbench,64,DeepSeek-R1-Distill-Qwen-1.5B_opra_opra,RCA (Ours),100,70.6,70.6,/home/caixq/project/LLM_EVAL/eval_results/OPRA-LoRA_think-boxed/json/DeepSeek_R1_Distill_Qwen_1_5B_opra_opra/DeepSeek-R1-Distill-Qwen-1.5B_opra_opra__global_step_100/g2/olympiadbench/test_think-boxed_-1_seed0_t0.8_s0_e-1_think-boxed_metrics.json,eval_root
k,olympiadbench,128,DeepSeek-R1-Distill-Qwen-1.5B_opra_opra,RCA (Ours),100,75.3,75.3,/home/caixq/project/LLM_EVAL/eval_results/OPRA-LoRA_think-boxed/json/DeepSeek_R1_Distill_Qwen_1_5B_opra_opra/DeepSeek-R1-Distill-Qwen-1.5B_opra_opra__global_step_100/g2/olympiadbench/test_think-boxed_-1_seed0_t0.8_s0_e-1_think-boxed_metrics.json,eval_root
k,olympiadbench,1,ver_rule_grpo_nocurl_DeepSeek-R1-Distill-Qwen-1.5B,FFT,313,26.5,26.5,/home/caixq/project/LLM_EVAL/eval_results/OPRA-LoRA_think-boxed/json/ver_rule_grpo_DeepSeek-R1-Distill-Qwen-1.5B/ver_rule_grpo_nocurl_DeepSeek-R1-Distill-Qwen-1.5B__global_step_313/g2/olympiadbench/test_think-boxed_-1_seed0_t0.0_s0_e-1_think-boxed_metrics.json,eval_root
k,olympiadbench,8,ver_rule_grpo_nocurl_DeepSeek-R1-Distill-Qwen-1.5B,FFT,313,34.7,34.7,/home/caixq/project/LLM_EVAL/eval_results/OPRA-LoRA_think-boxed/json/ver_rule_grpo_DeepSeek-R1-Distill-Qwen-1.5B/ver_rule_grpo_nocurl_DeepSeek-R1-Distill-Qwen-1.5B__global_step_313/g2/olympiadbench/test_think-boxed_-1_seed0_t0.0_s0_e-1_think-boxed_metrics.json,eval_root
k,olympiadbench,1,DeepSeek-R1-Distill-Qwen-1.5B_olora,OLoRA,300,13.7,13.7,/home/caixq/project/LLM_EVAL/eval_results/OPRA-LoRA_think-boxed/json/DeepSeek_R1_Distill_Qwen_1_5B_olora/DeepSeek-R1-Distill-Qwen-1.5B_olora__global_step_300/g2/olympiadbench/test_think-boxed_-1_seed0_t0.8_s0_e-1_think-boxed_metrics.json,eval_root
k,olympiadbench,8,DeepSeek-R1-Distill-Qwen-1.5B_olora,OLoRA,300,25.2,25.2,/home/caixq/project/LLM_EVAL/eval_results/OPRA-LoRA_think-boxed/json/DeepSeek_R1_Distill_Qwen_1_5B_olora/DeepSeek-R1-Distill-Qwen-1.5B_olora__global_step_300/g2/olympiadbench/test_think-boxed_-1_seed0_t0.8_s0_e-1_think-boxed_metrics.json,eval_root
k,olympiadbench,16,DeepSeek-R1-Distill-Qwen-1.5B_olora,OLoRA,300,27.9,27.9,/home/caixq/project/LLM_EVAL/eval_results/OPRA-LoRA_think-boxed/json/DeepSeek_R1_Distill_Qwen_1_5B_olora/DeepSeek-R1-Distill-Qwen-1.5B_olora__global_step_300/g2/olympiadbench/test_think-boxed_-1_seed0_t0.8_s0_e-1_think-boxed_metrics.json,eval_root
k,olympiadbench,32,DeepSeek-R1-Distill-Qwen-1.5B_olora,OLoRA,300,30.3,30.3,/home/caixq/project/LLM_EVAL/eval_results/OPRA-LoRA_think-boxed/json/DeepSeek_R1_Distill_Qwen_1_5B_olora/DeepSeek-R1-Distill-Qwen-1.5B_olora__global_step_300/g2/olympiadbench/test_think-boxed_-1_seed0_t0.8_s0_e-1_think-boxed_metrics.json,eval_root
k,olympiadbench,64,DeepSeek-R1-Distill-Qwen-1.5B_olora,OLoRA,300,32.6,32.6,/home/caixq/project/LLM_EVAL/eval_results/OPRA-LoRA_think-boxed/json/DeepSeek_R1_Distill_Qwen_1_5B_olora/DeepSeek-R1-Distill-Qwen-1.5B_olora__global_step_300/g2/olympiadbench/test_think-boxed_-1_seed0_t0.8_s0_e-1_think-boxed_metrics.json,eval_root
k,olympiadbench,128,DeepSeek-R1-Distill-Qwen-1.5B_olora,OLoRA,300,34.5,34.5,/home/caixq/project/LLM_EVAL/eval_results/OPRA-LoRA_think-boxed/json/DeepSeek_R1_Distill_Qwen_1_5B_olora/DeepSeek-R1-Distill-Qwen-1.5B_olora__global_step_300/g2/olympiadbench/test_think-boxed_-1_seed0_t0.8_s0_e-1_think-boxed_metrics.json,eval_root
k,olympiadbench,1,DeepSeek-R1-Distill-Qwen-1.5B_adalora,AdaLoRA,300,0.1,0.1,/home/caixq/project/LLM_EVAL/eval_results/OPRA-LoRA_think-boxed/json/DeepSeek_R1_Distill_Qwen_1_5B_adalora/DeepSeek-R1-Distill-Qwen-1.5B_adalora__global_step_300/g2/olympiadbench/test_think-boxed_-1_seed0_t0.8_s0_e-1_think-boxed_metrics.json,eval_root
k,olympiadbench,8,DeepSeek-R1-Distill-Qwen-1.5B_adalora,AdaLoRA,300,0.4,0.4,/home/caixq/project/LLM_EVAL/eval_results/OPRA-LoRA_think-boxed/json/DeepSeek_R1_Distill_Qwen_1_5B_adalora/DeepSeek-R1-Distill-Qwen-1.5B_adalora__global_step_300/g2/olympiadbench/test_think-boxed_-1_seed0_t0.8_s0_e-1_think-boxed_metrics.json,eval_root
k,olympiadbench,16,DeepSeek-R1-Distill-Qwen-1.5B_adalora,AdaLoRA,300,0.5,0.5,/home/caixq/project/LLM_EVAL/eval_results/OPRA-LoRA_think-boxed/json/DeepSeek_R1_Distill_Qwen_1_5B_adalora/DeepSeek-R1-Distill-Qwen-1.5B_adalora__global_step_300/g2/olympiadbench/test_think-boxed_-1_seed0_t0.8_s0_e-1_think-boxed_metrics.json,eval_root
k,olympiadbench,32,DeepSeek-R1-Distill-Qwen-1.5B_adalora,AdaLoRA,300,0.6,0.6,/home/caixq/project/LLM_EVAL/eval_results/OPRA-LoRA_think-boxed/json/DeepSeek_R1_Distill_Qwen_1_5B_adalora/DeepSeek-R1-Distill-Qwen-1.5B_adalora__global_step_300/g2/olympiadbench/test_think-boxed_-1_seed0_t0.8_s0_e-1_think-boxed_metrics.json,eval_root
k,olympiadbench,64,DeepSeek-R1-Distill-Qwen-1.5B_adalora,AdaLoRA,300,0.6,0.6,/home/caixq/project/LLM_EVAL/eval_results/OPRA-LoRA_think-boxed/json/DeepSeek_R1_Distill_Qwen_1_5B_adalora/DeepSeek-R1-Distill-Qwen-1.5B_adalora__global_step_300/g2/olympiadbench/test_think-boxed_-1_seed0_t0.8_s0_e-1_think-boxed_metrics.json,eval_root
k,olympiadbench,128,DeepSeek-R1-Distill-Qwen-1.5B_adalora,AdaLoRA,300,0.6,0.6,/home/caixq/project/LLM_EVAL/eval_results/OPRA-LoRA_think-boxed/json/DeepSeek_R1_Distill_Qwen_1_5B_adalora/DeepSeek-R1-Distill-Qwen-1.5B_adalora__global_step_300/g2/olympiadbench/test_think-boxed_-1_seed0_t0.8_s0_e-1_think-boxed_metrics.json,eval_root
k,math500,1,DeepSeek-R1-Distill-Qwen-1.5B_pissa,PiSSA,300,1.8,1.8,/home/caixq/project/LLM_EVAL/eval_results/OPRA-LoRA_think-boxed/json/DeepSeek_R1_Distill_Qwen_1_5B_pissa/DeepSeek-R1-Distill-Qwen-1.5B_pissa__global_step_300/g2/math500/test_think-boxed_-1_seed0_t0.8_s0_e-1_think-boxed_metrics.json,eval_root
k,math500,8,DeepSeek-R1-Distill-Qwen-1.5B_pissa,PiSSA,300,6.4,6.4,/home/caixq/project/LLM_EVAL/eval_results/OPRA-LoRA_think-boxed/json/DeepSeek_R1_Distill_Qwen_1_5B_pissa/DeepSeek-R1-Distill-Qwen-1.5B_pissa__global_step_300/g2/math500/test_think-boxed_-1_seed0_t0.8_s0_e-1_think-boxed_metrics.json,eval_root
k,math500,16,DeepSeek-R1-Distill-Qwen-1.5B_pissa,PiSSA,300,9.9,9.9,/home/caixq/project/LLM_EVAL/eval_results/OPRA-LoRA_think-boxed/json/DeepSeek_R1_Distill_Qwen_1_5B_pissa/DeepSeek-R1-Distill-Qwen-1.5B_pissa__global_step_300/g2/math500/test_think-boxed_-1_seed0_t0.8_s0_e-1_think-boxed_metrics.json,eval_root
k,math500,32,DeepSeek-R1-Distill-Qwen-1.5B_pissa,PiSSA,300,14.4,14.4,/home/caixq/project/LLM_EVAL/eval_results/OPRA-LoRA_think-boxed/json/DeepSeek_R1_Distill_Qwen_1_5B_pissa/DeepSeek-R1-Distill-Qwen-1.5B_pissa__global_step_300/g2/math500/test_think-boxed_-1_seed0_t0.8_s0_e-1_think-boxed_metrics.json,eval_root
k,math500,64,DeepSeek-R1-Distill-Qwen-1.5B_pissa,PiSSA,300,19.0,19.0,/home/caixq/project/LLM_EVAL/eval_results/OPRA-LoRA_think-boxed/json/DeepSeek_R1_Distill_Qwen_1_5B_pissa/DeepSeek-R1-Distill-Qwen-1.5B_pissa__global_step_300/g2/math500/test_think-boxed_-1_seed0_t0.8_s0_e-1_think-boxed_metrics.json,eval_root
k,math500,128,DeepSeek-R1-Distill-Qwen-1.5B_pissa,PiSSA,300,22.2,22.2,/home/caixq/project/LLM_EVAL/eval_results/OPRA-LoRA_think-boxed/json/DeepSeek_R1_Distill_Qwen_1_5B_pissa/DeepSeek-R1-Distill-Qwen-1.5B_pissa__global_step_300/g2/math500/test_think-boxed_-1_seed0_t0.8_s0_e-1_think-boxed_metrics.json,eval_root
k,math500,1,DeepSeek-R1-Distill-Qwen-1.5B_rslora,RSLoRA,300,0.9,0.9,/home/caixq/project/LLM_EVAL/eval_results/OPRA-LoRA_think-boxed/json/DeepSeek_R1_Distill_Qwen_1_5B_rslora/DeepSeek-R1-Distill-Qwen-1.5B_rslora__global_step_300/g2/math500/test_think-boxed_-1_seed0_t0.8_s0_e-1_think-boxed_metrics.json,eval_root
k,math500,8,DeepSeek-R1-Distill-Qwen-1.5B_rslora,RSLoRA,300,4.4,4.4,/home/caixq/project/LLM_EVAL/eval_results/OPRA-LoRA_think-boxed/json/DeepSeek_R1_Distill_Qwen_1_5B_rslora/DeepSeek-R1-Distill-Qwen-1.5B_rslora__global_step_300/g2/math500/test_think-boxed_-1_seed0_t0.8_s0_e-1_think-boxed_metrics.json,eval_root
k,math500,16,DeepSeek-R1-Distill-Qwen-1.5B_rslora,RSLoRA,300,7.2,7.2,/home/caixq/project/LLM_EVAL/eval_results/OPRA-LoRA_think-boxed/json/DeepSeek_R1_Distill_Qwen_1_5B_rslora/DeepSeek-R1-Distill-Qwen-1.5B_rslora__global_step_300/g2/math500/test_think-boxed_-1_seed0_t0.8_s0_e-1_think-boxed_metrics.json,eval_root
k,math500,32,DeepSeek-R1-Distill-Qwen-1.5B_rslora,RSLoRA,300,10.5,10.5,/home/caixq/project/LLM_EVAL/eval_results/OPRA-LoRA_think-boxed/json/DeepSeek_R1_Distill_Qwen_1_5B_rslora/DeepSeek-R1-Distill-Qwen-1.5B_rslora__global_step_300/g2/math500/test_think-boxed_-1_seed0_t0.8_s0_e-1_think-boxed_metrics.json,eval_root
k,math500,64,DeepSeek-R1-Distill-Qwen-1.5B_rslora,RSLoRA,300,14.3,14.3,/home/caixq/project/LLM_EVAL/eval_results/OPRA-LoRA_think-boxed/json/DeepSeek_R1_Distill_Qwen_1_5B_rslora/DeepSeek-R1-Distill-Qwen-1.5B_rslora__global_step_300/g2/math500/test_think-boxed_-1_seed0_t0.8_s0_e-1_think-boxed_metrics.json,eval_root
k,math500,128,DeepSeek-R1-Distill-Qwen-1.5B_rslora,RSLoRA,300,18.2,18.2,/home/caixq/project/LLM_EVAL/eval_results/OPRA-LoRA_think-boxed/json/DeepSeek_R1_Distill_Qwen_1_5B_rslora/DeepSeek-R1-Distill-Qwen-1.5B_rslora__global_step_300/g2/math500/test_think-boxed_-1_seed0_t0.8_s0_e-1_think-boxed_metrics.json,eval_root
k,math500,1,Base Model,Base Model,-1,61.1,61.1,/home/caixq/project/LLM_EVAL/eval_results/OPRA-LoRA_think-boxed/json/base__DeepSeek-R1-Distill-Qwen-1.5B/g2/math500/test_qwen25-math-cot_-1_seed0_t0.0_s0_e-1_think-boxed_metrics.json,eval_root
k,math500,1,DeepSeek-R1-Distill-Qwen-1.5B_opra_opra,RCA (Ours),100,72.4,72.4,/home/caixq/project/LLM_EVAL/eval_results/OPRA-K-ABLATION_think-boxed/json/DeepSeek_R1_Distill_Qwen_1_5B_opra_r32_k1/DeepSeek-R1-Distill-Qwen-1.5B_opra_r32_k1__global_step_100/g2/math500/test_think-boxed_-1_seed0_t0.8_s0_e-1_think-boxed_metrics.json,opra_principle_best
k,math500,8,DeepSeek-R1-Distill-Qwen-1.5B_opra_opra,RCA (Ours),200,90.1,90.1,/home/caixq/project/LLM_EVAL/eval_results/OPRA-K-ABLATION_think-boxed/json/DeepSeek_R1_Distill_Qwen_1_5B_opra_r32_k16/DeepSeek-R1-Distill-Qwen-1.5B_opra_r32_k16__global_step_200/g2/math500/test_think-boxed_-1_seed0_t0.8_s0_e-1_think-boxed_metrics.json,opra_principle_best
k,math500,16,DeepSeek-R1-Distill-Qwen-1.5B_opra_opra,RCA (Ours),200,92.4,92.4,/home/caixq/project/LLM_EVAL/eval_results/OPRA-K-ABLATION_think-boxed/json/DeepSeek_R1_Distill_Qwen_1_5B_opra_r32_k16/DeepSeek-R1-Distill-Qwen-1.5B_opra_r32_k16__global_step_200/g2/math500/test_think-boxed_-1_seed0_t0.8_s0_e-1_think-boxed_metrics.json,opra_principle_best
k,math500,32,DeepSeek-R1-Distill-Qwen-1.5B_opra_opra,RCA (Ours),100,94.2,94.2,/home/caixq/project/LLM_EVAL/eval_results/OPRA-K-ABLATION_think-boxed/json/DeepSeek_R1_Distill_Qwen_1_5B_opra_r32_k0/DeepSeek-R1-Distill-Qwen-1.5B_opra_r32_k0__global_step_100/g2/math500/test_think-boxed_-1_seed0_t0.8_s0_e-1_think-boxed_metrics.json,opra_principle_best
k,math500,64,DeepSeek-R1-Distill-Qwen-1.5B_opra_opra,RCA (Ours),300,94.2,3.6,/home/caixq/project/LLM_EVAL/eval_results/OPRA-LoRA_think-boxed/json/DeepSeek_R1_Distill_Qwen_1_5B_opra_opra/DeepSeek-R1-Distill-Qwen-1.5B_opra_opra__global_step_300/g2/math500/test_think-boxed_-1_seed0_t0.8_s0_e-1_think-boxed_metrics.json,eval_root
k,math500,128,DeepSeek-R1-Distill-Qwen-1.5B_opra_opra,RCA (Ours),300,94.2,6.4,/home/caixq/project/LLM_EVAL/eval_results/OPRA-LoRA_think-boxed/json/DeepSeek_R1_Distill_Qwen_1_5B_opra_opra/DeepSeek-R1-Distill-Qwen-1.5B_opra_opra__global_step_300/g2/math500/test_think-boxed_-1_seed0_t0.8_s0_e-1_think-boxed_metrics.json,eval_root
k,math500,1,ver_rule_grpo_nocurl_DeepSeek-R1-Distill-Qwen-1.5B,FFT,313,66.2,66.2,/home/caixq/project/LLM_EVAL/eval_results/OPRA-LoRA_think-boxed/json/ver_rule_grpo_DeepSeek-R1-Distill-Qwen-1.5B/ver_rule_grpo_nocurl_DeepSeek-R1-Distill-Qwen-1.5B__global_step_313/g2/math500/test_think-boxed_-1_seed0_t0.0_s0_e-1_think-boxed_metrics.json,eval_root
k,math500,8,ver_rule_grpo_nocurl_DeepSeek-R1-Distill-Qwen-1.5B,FFT,313,71.2,71.2,/home/caixq/project/LLM_EVAL/eval_results/OPRA-LoRA_think-boxed/json/ver_rule_grpo_DeepSeek-R1-Distill-Qwen-1.5B/ver_rule_grpo_nocurl_DeepSeek-R1-Distill-Qwen-1.5B__global_step_313/g2/math500/test_think-boxed_-1_seed0_t0.0_s0_e-1_think-boxed_metrics.json,eval_root
k,math500,1,DeepSeek-R1-Distill-Qwen-1.5B_olora,OLoRA,300,28.8,28.8,/home/caixq/project/LLM_EVAL/eval_results/OPRA-LoRA_think-boxed/json/DeepSeek_R1_Distill_Qwen_1_5B_olora/DeepSeek-R1-Distill-Qwen-1.5B_olora__global_step_300/g2/math500/test_think-boxed_-1_seed0_t0.8_s0_e-1_think-boxed_metrics.json,eval_root
k,math500,8,DeepSeek-R1-Distill-Qwen-1.5B_olora,OLoRA,300,41.7,41.7,/home/caixq/project/LLM_EVAL/eval_results/OPRA-LoRA_think-boxed/json/DeepSeek_R1_Distill_Qwen_1_5B_olora/DeepSeek-R1-Distill-Qwen-1.5B_olora__global_step_300/g2/math500/test_think-boxed_-1_seed0_t0.8_s0_e-1_think-boxed_metrics.json,eval_root
k,math500,16,DeepSeek-R1-Distill-Qwen-1.5B_olora,OLoRA,300,43.8,43.8,/home/caixq/project/LLM_EVAL/eval_results/OPRA-LoRA_think-boxed/json/DeepSeek_R1_Distill_Qwen_1_5B_olora/DeepSeek-R1-Distill-Qwen-1.5B_olora__global_step_300/g2/math500/test_think-boxed_-1_seed0_t0.8_s0_e-1_think-boxed_metrics.json,eval_root
k,math500,32,DeepSeek-R1-Distill-Qwen-1.5B_olora,OLoRA,300,45.3,45.3,/home/caixq/project/LLM_EVAL/eval_results/OPRA-LoRA_think-boxed/json/DeepSeek_R1_Distill_Qwen_1_5B_olora/DeepSeek-R1-Distill-Qwen-1.5B_olora__global_step_300/g2/math500/test_think-boxed_-1_seed0_t0.8_s0_e-1_think-boxed_metrics.json,eval_root
k,math500,64,DeepSeek-R1-Distill-Qwen-1.5B_olora,OLoRA,300,46.4,46.4,/home/caixq/project/LLM_EVAL/eval_results/OPRA-LoRA_think-boxed/json/DeepSeek_R1_Distill_Qwen_1_5B_olora/DeepSeek-R1-Distill-Qwen-1.5B_olora__global_step_300/g2/math500/test_think-boxed_-1_seed0_t0.8_s0_e-1_think-boxed_metrics.json,eval_root
k,math500,128,DeepSeek-R1-Distill-Qwen-1.5B_olora,OLoRA,300,47.2,47.2,/home/caixq/project/LLM_EVAL/eval_results/OPRA-LoRA_think-boxed/json/DeepSeek_R1_Distill_Qwen_1_5B_olora/DeepSeek-R1-Distill-Qwen-1.5B_olora__global_step_300/g2/math500/test_think-boxed_-1_seed0_t0.8_s0_e-1_think-boxed_metrics.json,eval_root
k,math500,1,DeepSeek-R1-Distill-Qwen-1.5B_adalora,AdaLoRA,300,0.3,0.3,/home/caixq/project/LLM_EVAL/eval_results/OPRA-LoRA_think-boxed/json/DeepSeek_R1_Distill_Qwen_1_5B_adalora/DeepSeek-R1-Distill-Qwen-1.5B_adalora__global_step_300/g2/math500/test_think-boxed_-1_seed0_t0.8_s0_e-1_think-boxed_metrics.json,eval_root
k,math500,8,DeepSeek-R1-Distill-Qwen-1.5B_adalora,AdaLoRA,300,0.8,0.8,/home/caixq/project/LLM_EVAL/eval_results/OPRA-LoRA_think-boxed/json/DeepSeek_R1_Distill_Qwen_1_5B_adalora/DeepSeek-R1-Distill-Qwen-1.5B_adalora__global_step_300/g2/math500/test_think-boxed_-1_seed0_t0.8_s0_e-1_think-boxed_metrics.json,eval_root
k,math500,16,DeepSeek-R1-Distill-Qwen-1.5B_adalora,AdaLoRA,300,0.8,0.8,/home/caixq/project/LLM_EVAL/eval_results/OPRA-LoRA_think-boxed/json/DeepSeek_R1_Distill_Qwen_1_5B_adalora/DeepSeek-R1-Distill-Qwen-1.5B_adalora__global_step_300/g2/math500/test_think-boxed_-1_seed0_t0.8_s0_e-1_think-boxed_metrics.json,eval_root
k,math500,32,DeepSeek-R1-Distill-Qwen-1.5B_adalora,AdaLoRA,300,0.8,0.8,/home/caixq/project/LLM_EVAL/eval_results/OPRA-LoRA_think-boxed/json/DeepSeek_R1_Distill_Qwen_1_5B_adalora/DeepSeek-R1-Distill-Qwen-1.5B_adalora__global_step_300/g2/math500/test_think-boxed_-1_seed0_t0.8_s0_e-1_think-boxed_metrics.json,eval_root
k,math500,64,DeepSeek-R1-Distill-Qwen-1.5B_adalora,AdaLoRA,300,0.8,0.8,/home/caixq/project/LLM_EVAL/eval_results/OPRA-LoRA_think-boxed/json/DeepSeek_R1_Distill_Qwen_1_5B_adalora/DeepSeek-R1-Distill-Qwen-1.5B_adalora__global_step_300/g2/math500/test_think-boxed_-1_seed0_t0.8_s0_e-1_think-boxed_metrics.json,eval_root
k,math500,128,DeepSeek-R1-Distill-Qwen-1.5B_adalora,AdaLoRA,300,0.8,0.8,/home/caixq/project/LLM_EVAL/eval_results/OPRA-LoRA_think-boxed/json/DeepSeek_R1_Distill_Qwen_1_5B_adalora/DeepSeek-R1-Distill-Qwen-1.5B_adalora__global_step_300/g2/math500/test_think-boxed_-1_seed0_t0.8_s0_e-1_think-boxed_metrics.json,eval_root
k,Average,1,DeepSeek-R1-Distill-Qwen-1.5B_pissa,PiSSA,300,0.6666666666666666,0.6666666666666666,/home/caixq/project/LLM_EVAL/eval_results/OPRA-LoRA_think-boxed/json/DeepSeek_R1_Distill_Qwen_1_5B_pissa/DeepSeek-R1-Distill-Qwen-1.5B_pissa__global_step_300/g1/aime24x8/test_think-boxed_-1_seed0_t0.6_s0_e-1_think-boxed_metrics.json;/home/caixq/project/LLM_EVAL/eval_results/OPRA-LoRA_think-boxed/json/DeepSeek_R1_Distill_Qwen_1_5B_pissa/DeepSeek-R1-Distill-Qwen-1.5B_pissa__global_step_300/g1/aime25x8/test_think-boxed_-1_seed0_t0.6_s0_e-1_think-boxed_metrics.json;/home/caixq/project/LLM_EVAL/eval_results/OPRA-LoRA_think-boxed/json/DeepSeek_R1_Distill_Qwen_1_5B_pissa/DeepSeek-R1-Distill-Qwen-1.5B_pissa__global_step_300/g1/amc23x8/test_think-boxed_-1_seed0_t0.6_s0_e-1_think-boxed_metrics.json;/home/caixq/project/LLM_EVAL/eval_results/OPRA-LoRA_think-boxed/json/DeepSeek_R1_Distill_Qwen_1_5B_pissa/DeepSeek-R1-Distill-Qwen-1.5B_pissa__global_step_300/g2/math500/test_think-boxed_-1_seed0_t0.8_s0_e-1_think-boxed_metrics.json;/home/caixq/project/LLM_EVAL/eval_results/OPRA-LoRA_think-boxed/json/DeepSeek_R1_Distill_Qwen_1_5B_pissa/DeepSeek-R1-Distill-Qwen-1.5B_pissa__global_step_300/g2/minerva_math/test_think-boxed_-1_seed0_t0.8_s0_e-1_think-boxed_metrics.json;/home/caixq/project/LLM_EVAL/eval_results/OPRA-LoRA_think-boxed/json/DeepSeek_R1_Distill_Qwen_1_5B_pissa/DeepSeek-R1-Distill-Qwen-1.5B_pissa__global_step_300/g2/olympiadbench/test_think-boxed_-1_seed0_t0.8_s0_e-1_think-boxed_metrics.json,eval_root
k,Average,8,DeepSeek-R1-Distill-Qwen-1.5B_pissa,PiSSA,300,3.0,3.0,/home/caixq/project/LLM_EVAL/eval_results/OPRA-LoRA_think-boxed/json/DeepSeek_R1_Distill_Qwen_1_5B_pissa/DeepSeek-R1-Distill-Qwen-1.5B_pissa__global_step_300/g1/aime24x8/test_think-boxed_-1_seed0_t0.6_s0_e-1_think-boxed_metrics.json;/home/caixq/project/LLM_EVAL/eval_results/OPRA-LoRA_think-boxed/json/DeepSeek_R1_Distill_Qwen_1_5B_pissa/DeepSeek-R1-Distill-Qwen-1.5B_pissa__global_step_300/g1/aime25x8/test_think-boxed_-1_seed0_t0.6_s0_e-1_think-boxed_metrics.json;/home/caixq/project/LLM_EVAL/eval_results/OPRA-LoRA_think-boxed/json/DeepSeek_R1_Distill_Qwen_1_5B_pissa/DeepSeek-R1-Distill-Qwen-1.5B_pissa__global_step_300/g1/amc23x8/test_think-boxed_-1_seed0_t0.6_s0_e-1_think-boxed_metrics.json;/home/caixq/project/LLM_EVAL/eval_results/OPRA-LoRA_think-boxed/json/DeepSeek_R1_Distill_Qwen_1_5B_pissa/DeepSeek-R1-Distill-Qwen-1.5B_pissa__global_step_300/g2/math500/test_think-boxed_-1_seed0_t0.8_s0_e-1_think-boxed_metrics.json;/home/caixq/project/LLM_EVAL/eval_results/OPRA-LoRA_think-boxed/json/DeepSeek_R1_Distill_Qwen_1_5B_pissa/DeepSeek-R1-Distill-Qwen-1.5B_pissa__global_step_300/g2/minerva_math/test_think-boxed_-1_seed0_t0.8_s0_e-1_think-boxed_metrics.json;/home/caixq/project/LLM_EVAL/eval_results/OPRA-LoRA_think-boxed/json/DeepSeek_R1_Distill_Qwen_1_5B_pissa/DeepSeek-R1-Distill-Qwen-1.5B_pissa__global_step_300/g2/olympiadbench/test_think-boxed_-1_seed0_t0.8_s0_e-1_think-boxed_metrics.json,eval_root
k,Average,16,DeepSeek-R1-Distill-Qwen-1.5B_pissa,PiSSA,300,4.933333333333334,4.933333333333334,/home/caixq/project/LLM_EVAL/eval_results/OPRA-LoRA_think-boxed/json/DeepSeek_R1_Distill_Qwen_1_5B_pissa/DeepSeek-R1-Distill-Qwen-1.5B_pissa__global_step_300/g1/aime24x8/test_think-boxed_-1_seed0_t0.6_s0_e-1_think-boxed_metrics.json;/home/caixq/project/LLM_EVAL/eval_results/OPRA-LoRA_think-boxed/json/DeepSeek_R1_Distill_Qwen_1_5B_pissa/DeepSeek-R1-Distill-Qwen-1.5B_pissa__global_step_300/g1/aime25x8/test_think-boxed_-1_seed0_t0.6_s0_e-1_think-boxed_metrics.json;/home/caixq/project/LLM_EVAL/eval_results/OPRA-LoRA_think-boxed/json/DeepSeek_R1_Distill_Qwen_1_5B_pissa/DeepSeek-R1-Distill-Qwen-1.5B_pissa__global_step_300/g1/amc23x8/test_think-boxed_-1_seed0_t0.6_s0_e-1_think-boxed_metrics.json;/home/caixq/project/LLM_EVAL/eval_results/OPRA-LoRA_think-boxed/json/DeepSeek_R1_Distill_Qwen_1_5B_pissa/DeepSeek-R1-Distill-Qwen-1.5B_pissa__global_step_300/g2/math500/test_think-boxed_-1_seed0_t0.8_s0_e-1_think-boxed_metrics.json;/home/caixq/project/LLM_EVAL/eval_results/OPRA-LoRA_think-boxed/json/DeepSeek_R1_Distill_Qwen_1_5B_pissa/DeepSeek-R1-Distill-Qwen-1.5B_pissa__global_step_300/g2/minerva_math/test_think-boxed_-1_seed0_t0.8_s0_e-1_think-boxed_metrics.json;/home/caixq/project/LLM_EVAL/eval_results/OPRA-LoRA_think-boxed/json/DeepSeek_R1_Distill_Qwen_1_5B_pissa/DeepSeek-R1-Distill-Qwen-1.5B_pissa__global_step_300/g2/olympiadbench/test_think-boxed_-1_seed0_t0.8_s0_e-1_think-boxed_metrics.json,eval_root
k,Average,32,DeepSeek-R1-Distill-Qwen-1.5B_pissa,PiSSA,300,7.6000000000000005,7.6000000000000005,/home/caixq/project/LLM_EVAL/eval_results/OPRA-LoRA_think-boxed/json/DeepSeek_R1_Distill_Qwen_1_5B_pissa/DeepSeek-R1-Distill-Qwen-1.5B_pissa__global_step_300/g1/aime24x8/test_think-boxed_-1_seed0_t0.6_s0_e-1_think-boxed_metrics.json;/home/caixq/project/LLM_EVAL/eval_results/OPRA-LoRA_think-boxed/json/DeepSeek_R1_Distill_Qwen_1_5B_pissa/DeepSeek-R1-Distill-Qwen-1.5B_pissa__global_step_300/g1/aime25x8/test_think-boxed_-1_seed0_t0.6_s0_e-1_think-boxed_metrics.json;/home/caixq/project/LLM_EVAL/eval_results/OPRA-LoRA_think-boxed/json/DeepSeek_R1_Distill_Qwen_1_5B_pissa/DeepSeek-R1-Distill-Qwen-1.5B_pissa__global_step_300/g1/amc23x8/test_think-boxed_-1_seed0_t0.6_s0_e-1_think-boxed_metrics.json;/home/caixq/project/LLM_EVAL/eval_results/OPRA-LoRA_think-boxed/json/DeepSeek_R1_Distill_Qwen_1_5B_pissa/DeepSeek-R1-Distill-Qwen-1.5B_pissa__global_step_300/g2/math500/test_think-boxed_-1_seed0_t0.8_s0_e-1_think-boxed_metrics.json;/home/caixq/project/LLM_EVAL/eval_results/OPRA-LoRA_think-boxed/json/DeepSeek_R1_Distill_Qwen_1_5B_pissa/DeepSeek-R1-Distill-Qwen-1.5B_pissa__global_step_300/g2/minerva_math/test_think-boxed_-1_seed0_t0.8_s0_e-1_think-boxed_metrics.json;/home/caixq/project/LLM_EVAL/eval_results/OPRA-LoRA_think-boxed/json/DeepSeek_R1_Distill_Qwen_1_5B_pissa/DeepSeek-R1-Distill-Qwen-1.5B_pissa__global_step_300/g2/olympiadbench/test_think-boxed_-1_seed0_t0.8_s0_e-1_think-boxed_metrics.json,eval_root
k,Average,64,DeepSeek-R1-Distill-Qwen-1.5B_pissa,PiSSA,300,10.516666666666667,10.516666666666667,/home/caixq/project/LLM_EVAL/eval_results/OPRA-LoRA_think-boxed/json/DeepSeek_R1_Distill_Qwen_1_5B_pissa/DeepSeek-R1-Distill-Qwen-1.5B_pissa__global_step_300/g1/aime24x8/test_think-boxed_-1_seed0_t0.6_s0_e-1_think-boxed_metrics.json;/home/caixq/project/LLM_EVAL/eval_results/OPRA-LoRA_think-boxed/json/DeepSeek_R1_Distill_Qwen_1_5B_pissa/DeepSeek-R1-Distill-Qwen-1.5B_pissa__global_step_300/g1/aime25x8/test_think-boxed_-1_seed0_t0.6_s0_e-1_think-boxed_metrics.json;/home/caixq/project/LLM_EVAL/eval_results/OPRA-LoRA_think-boxed/json/DeepSeek_R1_Distill_Qwen_1_5B_pissa/DeepSeek-R1-Distill-Qwen-1.5B_pissa__global_step_300/g1/amc23x8/test_think-boxed_-1_seed0_t0.6_s0_e-1_think-boxed_metrics.json;/home/caixq/project/LLM_EVAL/eval_results/OPRA-LoRA_think-boxed/json/DeepSeek_R1_Distill_Qwen_1_5B_pissa/DeepSeek-R1-Distill-Qwen-1.5B_pissa__global_step_300/g2/math500/test_think-boxed_-1_seed0_t0.8_s0_e-1_think-boxed_metrics.json;/home/caixq/project/LLM_EVAL/eval_results/OPRA-LoRA_think-boxed/json/DeepSeek_R1_Distill_Qwen_1_5B_pissa/DeepSeek-R1-Distill-Qwen-1.5B_pissa__global_step_300/g2/minerva_math/test_think-boxed_-1_seed0_t0.8_s0_e-1_think-boxed_metrics.json;/home/caixq/project/LLM_EVAL/eval_results/OPRA-LoRA_think-boxed/json/DeepSeek_R1_Distill_Qwen_1_5B_pissa/DeepSeek-R1-Distill-Qwen-1.5B_pissa__global_step_300/g2/olympiadbench/test_think-boxed_-1_seed0_t0.8_s0_e-1_think-boxed_metrics.json,eval_root
k,Average,128,DeepSeek-R1-Distill-Qwen-1.5B_pissa,PiSSA,300,13.016666666666666,13.016666666666666,/home/caixq/project/LLM_EVAL/eval_results/OPRA-LoRA_think-boxed/json/DeepSeek_R1_Distill_Qwen_1_5B_pissa/DeepSeek-R1-Distill-Qwen-1.5B_pissa__global_step_300/g1/aime24x8/test_think-boxed_-1_seed0_t0.6_s0_e-1_think-boxed_metrics.json;/home/caixq/project/LLM_EVAL/eval_results/OPRA-LoRA_think-boxed/json/DeepSeek_R1_Distill_Qwen_1_5B_pissa/DeepSeek-R1-Distill-Qwen-1.5B_pissa__global_step_300/g1/aime25x8/test_think-boxed_-1_seed0_t0.6_s0_e-1_think-boxed_metrics.json;/home/caixq/project/LLM_EVAL/eval_results/OPRA-LoRA_think-boxed/json/DeepSeek_R1_Distill_Qwen_1_5B_pissa/DeepSeek-R1-Distill-Qwen-1.5B_pissa__global_step_300/g1/amc23x8/test_think-boxed_-1_seed0_t0.6_s0_e-1_think-boxed_metrics.json;/home/caixq/project/LLM_EVAL/eval_results/OPRA-LoRA_think-boxed/json/DeepSeek_R1_Distill_Qwen_1_5B_pissa/DeepSeek-R1-Distill-Qwen-1.5B_pissa__global_step_300/g2/math500/test_think-boxed_-1_seed0_t0.8_s0_e-1_think-boxed_metrics.json;/home/caixq/project/LLM_EVAL/eval_results/OPRA-LoRA_think-boxed/json/DeepSeek_R1_Distill_Qwen_1_5B_pissa/DeepSeek-R1-Distill-Qwen-1.5B_pissa__global_step_300/g2/minerva_math/test_think-boxed_-1_seed0_t0.8_s0_e-1_think-boxed_metrics.json;/home/caixq/project/LLM_EVAL/eval_results/OPRA-LoRA_think-boxed/json/DeepSeek_R1_Distill_Qwen_1_5B_pissa/DeepSeek-R1-Distill-Qwen-1.5B_pissa__global_step_300/g2/olympiadbench/test_think-boxed_-1_seed0_t0.8_s0_e-1_think-boxed_metrics.json,eval_root
k,Average,1,DeepSeek-R1-Distill-Qwen-1.5B_rslora,RSLoRA,300,0.31666666666666665,0.31666666666666665,/home/caixq/project/LLM_EVAL/eval_results/OPRA-LoRA_think-boxed/json/DeepSeek_R1_Distill_Qwen_1_5B_rslora/DeepSeek-R1-Distill-Qwen-1.5B_rslora__global_step_300/g1/aime24x8/test_think-boxed_-1_seed0_t0.6_s0_e-1_think-boxed_metrics.json;/home/caixq/project/LLM_EVAL/eval_results/OPRA-LoRA_think-boxed/json/DeepSeek_R1_Distill_Qwen_1_5B_rslora/DeepSeek-R1-Distill-Qwen-1.5B_rslora__global_step_300/g1/aime25x8/test_think-boxed_-1_seed0_t0.6_s0_e-1_think-boxed_metrics.json;/home/caixq/project/LLM_EVAL/eval_results/OPRA-LoRA_think-boxed/json/DeepSeek_R1_Distill_Qwen_1_5B_rslora/DeepSeek-R1-Distill-Qwen-1.5B_rslora__global_step_300/g1/amc23x8/test_think-boxed_-1_seed0_t0.6_s0_e-1_think-boxed_metrics.json;/home/caixq/project/LLM_EVAL/eval_results/OPRA-LoRA_think-boxed/json/DeepSeek_R1_Distill_Qwen_1_5B_rslora/DeepSeek-R1-Distill-Qwen-1.5B_rslora__global_step_300/g2/math500/test_think-boxed_-1_seed0_t0.8_s0_e-1_think-boxed_metrics.json;/home/caixq/project/LLM_EVAL/eval_results/OPRA-LoRA_think-boxed/json/DeepSeek_R1_Distill_Qwen_1_5B_rslora/DeepSeek-R1-Distill-Qwen-1.5B_rslora__global_step_300/g2/minerva_math/test_think-boxed_-1_seed0_t0.8_s0_e-1_think-boxed_metrics.json;/home/caixq/project/LLM_EVAL/eval_results/OPRA-LoRA_think-boxed/json/DeepSeek_R1_Distill_Qwen_1_5B_rslora/DeepSeek-R1-Distill-Qwen-1.5B_rslora__global_step_300/g2/olympiadbench/test_think-boxed_-1_seed0_t0.8_s0_e-1_think-boxed_metrics.json,eval_root
k,Average,8,DeepSeek-R1-Distill-Qwen-1.5B_rslora,RSLoRA,300,1.866666666666667,1.866666666666667,/home/caixq/project/LLM_EVAL/eval_results/OPRA-LoRA_think-boxed/json/DeepSeek_R1_Distill_Qwen_1_5B_rslora/DeepSeek-R1-Distill-Qwen-1.5B_rslora__global_step_300/g1/aime24x8/test_think-boxed_-1_seed0_t0.6_s0_e-1_think-boxed_metrics.json;/home/caixq/project/LLM_EVAL/eval_results/OPRA-LoRA_think-boxed/json/DeepSeek_R1_Distill_Qwen_1_5B_rslora/DeepSeek-R1-Distill-Qwen-1.5B_rslora__global_step_300/g1/aime25x8/test_think-boxed_-1_seed0_t0.6_s0_e-1_think-boxed_metrics.json;/home/caixq/project/LLM_EVAL/eval_results/OPRA-LoRA_think-boxed/json/DeepSeek_R1_Distill_Qwen_1_5B_rslora/DeepSeek-R1-Distill-Qwen-1.5B_rslora__global_step_300/g1/amc23x8/test_think-boxed_-1_seed0_t0.6_s0_e-1_think-boxed_metrics.json;/home/caixq/project/LLM_EVAL/eval_results/OPRA-LoRA_think-boxed/json/DeepSeek_R1_Distill_Qwen_1_5B_rslora/DeepSeek-R1-Distill-Qwen-1.5B_rslora__global_step_300/g2/math500/test_think-boxed_-1_seed0_t0.8_s0_e-1_think-boxed_metrics.json;/home/caixq/project/LLM_EVAL/eval_results/OPRA-LoRA_think-boxed/json/DeepSeek_R1_Distill_Qwen_1_5B_rslora/DeepSeek-R1-Distill-Qwen-1.5B_rslora__global_step_300/g2/minerva_math/test_think-boxed_-1_seed0_t0.8_s0_e-1_think-boxed_metrics.json;/home/caixq/project/LLM_EVAL/eval_results/OPRA-LoRA_think-boxed/json/DeepSeek_R1_Distill_Qwen_1_5B_rslora/DeepSeek-R1-Distill-Qwen-1.5B_rslora__global_step_300/g2/olympiadbench/test_think-boxed_-1_seed0_t0.8_s0_e-1_think-boxed_metrics.json,eval_root
k,Average,16,DeepSeek-R1-Distill-Qwen-1.5B_rslora,RSLoRA,300,3.1166666666666667,3.1166666666666667,/home/caixq/project/LLM_EVAL/eval_results/OPRA-LoRA_think-boxed/json/DeepSeek_R1_Distill_Qwen_1_5B_rslora/DeepSeek-R1-Distill-Qwen-1.5B_rslora__global_step_300/g1/aime24x8/test_think-boxed_-1_seed0_t0.6_s0_e-1_think-boxed_metrics.json;/home/caixq/project/LLM_EVAL/eval_results/OPRA-LoRA_think-boxed/json/DeepSeek_R1_Distill_Qwen_1_5B_rslora/DeepSeek-R1-Distill-Qwen-1.5B_rslora__global_step_300/g1/aime25x8/test_think-boxed_-1_seed0_t0.6_s0_e-1_think-boxed_metrics.json;/home/caixq/project/LLM_EVAL/eval_results/OPRA-LoRA_think-boxed/json/DeepSeek_R1_Distill_Qwen_1_5B_rslora/DeepSeek-R1-Distill-Qwen-1.5B_rslora__global_step_300/g1/amc23x8/test_think-boxed_-1_seed0_t0.6_s0_e-1_think-boxed_metrics.json;/home/caixq/project/LLM_EVAL/eval_results/OPRA-LoRA_think-boxed/json/DeepSeek_R1_Distill_Qwen_1_5B_rslora/DeepSeek-R1-Distill-Qwen-1.5B_rslora__global_step_300/g2/math500/test_think-boxed_-1_seed0_t0.8_s0_e-1_think-boxed_metrics.json;/home/caixq/project/LLM_EVAL/eval_results/OPRA-LoRA_think-boxed/json/DeepSeek_R1_Distill_Qwen_1_5B_rslora/DeepSeek-R1-Distill-Qwen-1.5B_rslora__global_step_300/g2/minerva_math/test_think-boxed_-1_seed0_t0.8_s0_e-1_think-boxed_metrics.json;/home/caixq/project/LLM_EVAL/eval_results/OPRA-LoRA_think-boxed/json/DeepSeek_R1_Distill_Qwen_1_5B_rslora/DeepSeek-R1-Distill-Qwen-1.5B_rslora__global_step_300/g2/olympiadbench/test_think-boxed_-1_seed0_t0.8_s0_e-1_think-boxed_metrics.json,eval_root
k,Average,32,DeepSeek-R1-Distill-Qwen-1.5B_rslora,RSLoRA,300,4.733333333333333,4.733333333333333,/home/caixq/project/LLM_EVAL/eval_results/OPRA-LoRA_think-boxed/json/DeepSeek_R1_Distill_Qwen_1_5B_rslora/DeepSeek-R1-Distill-Qwen-1.5B_rslora__global_step_300/g1/aime24x8/test_think-boxed_-1_seed0_t0.6_s0_e-1_think-boxed_metrics.json;/home/caixq/project/LLM_EVAL/eval_results/OPRA-LoRA_think-boxed/json/DeepSeek_R1_Distill_Qwen_1_5B_rslora/DeepSeek-R1-Distill-Qwen-1.5B_rslora__global_step_300/g1/aime25x8/test_think-boxed_-1_seed0_t0.6_s0_e-1_think-boxed_metrics.json;/home/caixq/project/LLM_EVAL/eval_results/OPRA-LoRA_think-boxed/json/DeepSeek_R1_Distill_Qwen_1_5B_rslora/DeepSeek-R1-Distill-Qwen-1.5B_rslora__global_step_300/g1/amc23x8/test_think-boxed_-1_seed0_t0.6_s0_e-1_think-boxed_metrics.json;/home/caixq/project/LLM_EVAL/eval_results/OPRA-LoRA_think-boxed/json/DeepSeek_R1_Distill_Qwen_1_5B_rslora/DeepSeek-R1-Distill-Qwen-1.5B_rslora__global_step_300/g2/math500/test_think-boxed_-1_seed0_t0.8_s0_e-1_think-boxed_metrics.json;/home/caixq/project/LLM_EVAL/eval_results/OPRA-LoRA_think-boxed/json/DeepSeek_R1_Distill_Qwen_1_5B_rslora/DeepSeek-R1-Distill-Qwen-1.5B_rslora__global_step_300/g2/minerva_math/test_think-boxed_-1_seed0_t0.8_s0_e-1_think-boxed_metrics.json;/home/caixq/project/LLM_EVAL/eval_results/OPRA-LoRA_think-boxed/json/DeepSeek_R1_Distill_Qwen_1_5B_rslora/DeepSeek-R1-Distill-Qwen-1.5B_rslora__global_step_300/g2/olympiadbench/test_think-boxed_-1_seed0_t0.8_s0_e-1_think-boxed_metrics.json,eval_root
k,Average,64,DeepSeek-R1-Distill-Qwen-1.5B_rslora,RSLoRA,300,6.7,6.7,/home/caixq/project/LLM_EVAL/eval_results/OPRA-LoRA_think-boxed/json/DeepSeek_R1_Distill_Qwen_1_5B_rslora/DeepSeek-R1-Distill-Qwen-1.5B_rslora__global_step_300/g1/aime24x8/test_think-boxed_-1_seed0_t0.6_s0_e-1_think-boxed_metrics.json;/home/caixq/project/LLM_EVAL/eval_results/OPRA-LoRA_think-boxed/json/DeepSeek_R1_Distill_Qwen_1_5B_rslora/DeepSeek-R1-Distill-Qwen-1.5B_rslora__global_step_300/g1/aime25x8/test_think-boxed_-1_seed0_t0.6_s0_e-1_think-boxed_metrics.json;/home/caixq/project/LLM_EVAL/eval_results/OPRA-LoRA_think-boxed/json/DeepSeek_R1_Distill_Qwen_1_5B_rslora/DeepSeek-R1-Distill-Qwen-1.5B_rslora__global_step_300/g1/amc23x8/test_think-boxed_-1_seed0_t0.6_s0_e-1_think-boxed_metrics.json;/home/caixq/project/LLM_EVAL/eval_results/OPRA-LoRA_think-boxed/json/DeepSeek_R1_Distill_Qwen_1_5B_rslora/DeepSeek-R1-Distill-Qwen-1.5B_rslora__global_step_300/g2/math500/test_think-boxed_-1_seed0_t0.8_s0_e-1_think-boxed_metrics.json;/home/caixq/project/LLM_EVAL/eval_results/OPRA-LoRA_think-boxed/json/DeepSeek_R1_Distill_Qwen_1_5B_rslora/DeepSeek-R1-Distill-Qwen-1.5B_rslora__global_step_300/g2/minerva_math/test_think-boxed_-1_seed0_t0.8_s0_e-1_think-boxed_metrics.json;/home/caixq/project/LLM_EVAL/eval_results/OPRA-LoRA_think-boxed/json/DeepSeek_R1_Distill_Qwen_1_5B_rslora/DeepSeek-R1-Distill-Qwen-1.5B_rslora__global_step_300/g2/olympiadbench/test_think-boxed_-1_seed0_t0.8_s0_e-1_think-boxed_metrics.json,eval_root
k,Average,128,DeepSeek-R1-Distill-Qwen-1.5B_rslora,RSLoRA,300,8.883333333333333,8.883333333333333,/home/caixq/project/LLM_EVAL/eval_results/OPRA-LoRA_think-boxed/json/DeepSeek_R1_Distill_Qwen_1_5B_rslora/DeepSeek-R1-Distill-Qwen-1.5B_rslora__global_step_300/g1/aime24x8/test_think-boxed_-1_seed0_t0.6_s0_e-1_think-boxed_metrics.json;/home/caixq/project/LLM_EVAL/eval_results/OPRA-LoRA_think-boxed/json/DeepSeek_R1_Distill_Qwen_1_5B_rslora/DeepSeek-R1-Distill-Qwen-1.5B_rslora__global_step_300/g1/aime25x8/test_think-boxed_-1_seed0_t0.6_s0_e-1_think-boxed_metrics.json;/home/caixq/project/LLM_EVAL/eval_results/OPRA-LoRA_think-boxed/json/DeepSeek_R1_Distill_Qwen_1_5B_rslora/DeepSeek-R1-Distill-Qwen-1.5B_rslora__global_step_300/g1/amc23x8/test_think-boxed_-1_seed0_t0.6_s0_e-1_think-boxed_metrics.json;/home/caixq/project/LLM_EVAL/eval_results/OPRA-LoRA_think-boxed/json/DeepSeek_R1_Distill_Qwen_1_5B_rslora/DeepSeek-R1-Distill-Qwen-1.5B_rslora__global_step_300/g2/math500/test_think-boxed_-1_seed0_t0.8_s0_e-1_think-boxed_metrics.json;/home/caixq/project/LLM_EVAL/eval_results/OPRA-LoRA_think-boxed/json/DeepSeek_R1_Distill_Qwen_1_5B_rslora/DeepSeek-R1-Distill-Qwen-1.5B_rslora__global_step_300/g2/minerva_math/test_think-boxed_-1_seed0_t0.8_s0_e-1_think-boxed_metrics.json;/home/caixq/project/LLM_EVAL/eval_results/OPRA-LoRA_think-boxed/json/DeepSeek_R1_Distill_Qwen_1_5B_rslora/DeepSeek-R1-Distill-Qwen-1.5B_rslora__global_step_300/g2/olympiadbench/test_think-boxed_-1_seed0_t0.8_s0_e-1_think-boxed_metrics.json,eval_root
k,Average,1,DeepSeek-R1-Distill-Qwen-1.5B_vanilla,LoRA,300,0.82,0.82,/home/caixq/project/LLM_EVAL/eval_results/OPRA-LoRA_think-boxed/json/DeepSeek_R1_Distill_Qwen_1_5B_vanilla/DeepSeek-R1-Distill-Qwen-1.5B_vanilla__global_step_300/g1/aime24x8/test_think-boxed_-1_seed0_t0.6_s0_e-1_think-boxed_metrics.json;/home/caixq/project/LLM_EVAL/eval_results/OPRA-LoRA_think-boxed/json/DeepSeek_R1_Distill_Qwen_1_5B_vanilla/DeepSeek-R1-Distill-Qwen-1.5B_vanilla__global_step_300/g1/aime25x8/test_think-boxed_-1_seed0_t0.6_s0_e-1_think-boxed_metrics.json;/home/caixq/project/LLM_EVAL/eval_results/OPRA-LoRA_think-boxed/json/DeepSeek_R1_Distill_Qwen_1_5B_vanilla/DeepSeek-R1-Distill-Qwen-1.5B_vanilla__global_step_300/g1/amc23x8/test_think-boxed_-1_seed0_t0.6_s0_e-1_think-boxed_metrics.json;/home/caixq/project/LLM_EVAL/eval_results/OPRA-LoRA_think-boxed/json/DeepSeek_R1_Distill_Qwen_1_5B_vanilla/DeepSeek-R1-Distill-Qwen-1.5B_vanilla__global_step_300/g2/minerva_math/test_think-boxed_-1_seed0_t0.8_s0_e-1_think-boxed_metrics.json;/home/caixq/project/LLM_EVAL/eval_results/OPRA-LoRA_think-boxed/json/DeepSeek_R1_Distill_Qwen_1_5B_vanilla/DeepSeek-R1-Distill-Qwen-1.5B_vanilla__global_step_300/g2/olympiadbench/test_think-boxed_-1_seed0_t0.8_s0_e-1_think-boxed_metrics.json,eval_root
k,Average,8,DeepSeek-R1-Distill-Qwen-1.5B_vanilla,LoRA,300,4.38,4.38,/home/caixq/project/LLM_EVAL/eval_results/OPRA-LoRA_think-boxed/json/DeepSeek_R1_Distill_Qwen_1_5B_vanilla/DeepSeek-R1-Distill-Qwen-1.5B_vanilla__global_step_300/g1/aime24x8/test_think-boxed_-1_seed0_t0.6_s0_e-1_think-boxed_metrics.json;/home/caixq/project/LLM_EVAL/eval_results/OPRA-LoRA_think-boxed/json/DeepSeek_R1_Distill_Qwen_1_5B_vanilla/DeepSeek-R1-Distill-Qwen-1.5B_vanilla__global_step_300/g1/aime25x8/test_think-boxed_-1_seed0_t0.6_s0_e-1_think-boxed_metrics.json;/home/caixq/project/LLM_EVAL/eval_results/OPRA-LoRA_think-boxed/json/DeepSeek_R1_Distill_Qwen_1_5B_vanilla/DeepSeek-R1-Distill-Qwen-1.5B_vanilla__global_step_300/g1/amc23x8/test_think-boxed_-1_seed0_t0.6_s0_e-1_think-boxed_metrics.json;/home/caixq/project/LLM_EVAL/eval_results/OPRA-LoRA_think-boxed/json/DeepSeek_R1_Distill_Qwen_1_5B_vanilla/DeepSeek-R1-Distill-Qwen-1.5B_vanilla__global_step_300/g2/minerva_math/test_think-boxed_-1_seed0_t0.8_s0_e-1_think-boxed_metrics.json;/home/caixq/project/LLM_EVAL/eval_results/OPRA-LoRA_think-boxed/json/DeepSeek_R1_Distill_Qwen_1_5B_vanilla/DeepSeek-R1-Distill-Qwen-1.5B_vanilla__global_step_300/g2/olympiadbench/test_think-boxed_-1_seed0_t0.8_s0_e-1_think-boxed_metrics.json,eval_root
k,Average,16,DeepSeek-R1-Distill-Qwen-1.5B_vanilla,LoRA,300,6.4,6.4,/home/caixq/project/LLM_EVAL/eval_results/OPRA-LoRA_think-boxed/json/DeepSeek_R1_Distill_Qwen_1_5B_vanilla/DeepSeek-R1-Distill-Qwen-1.5B_vanilla__global_step_300/g1/aime24x8/test_think-boxed_-1_seed0_t0.6_s0_e-1_think-boxed_metrics.json;/home/caixq/project/LLM_EVAL/eval_results/OPRA-LoRA_think-boxed/json/DeepSeek_R1_Distill_Qwen_1_5B_vanilla/DeepSeek-R1-Distill-Qwen-1.5B_vanilla__global_step_300/g1/aime25x8/test_think-boxed_-1_seed0_t0.6_s0_e-1_think-boxed_metrics.json;/home/caixq/project/LLM_EVAL/eval_results/OPRA-LoRA_think-boxed/json/DeepSeek_R1_Distill_Qwen_1_5B_vanilla/DeepSeek-R1-Distill-Qwen-1.5B_vanilla__global_step_300/g1/amc23x8/test_think-boxed_-1_seed0_t0.6_s0_e-1_think-boxed_metrics.json;/home/caixq/project/LLM_EVAL/eval_results/OPRA-LoRA_think-boxed/json/DeepSeek_R1_Distill_Qwen_1_5B_vanilla/DeepSeek-R1-Distill-Qwen-1.5B_vanilla__global_step_300/g2/minerva_math/test_think-boxed_-1_seed0_t0.8_s0_e-1_think-boxed_metrics.json;/home/caixq/project/LLM_EVAL/eval_results/OPRA-LoRA_think-boxed/json/DeepSeek_R1_Distill_Qwen_1_5B_vanilla/DeepSeek-R1-Distill-Qwen-1.5B_vanilla__global_step_300/g2/olympiadbench/test_think-boxed_-1_seed0_t0.8_s0_e-1_think-boxed_metrics.json,eval_root
k,Average,32,DeepSeek-R1-Distill-Qwen-1.5B_vanilla,LoRA,300,8.459999999999999,8.459999999999999,/home/caixq/project/LLM_EVAL/eval_results/OPRA-LoRA_think-boxed/json/DeepSeek_R1_Distill_Qwen_1_5B_vanilla/DeepSeek-R1-Distill-Qwen-1.5B_vanilla__global_step_300/g1/aime24x8/test_think-boxed_-1_seed0_t0.6_s0_e-1_think-boxed_metrics.json;/home/caixq/project/LLM_EVAL/eval_results/OPRA-LoRA_think-boxed/json/DeepSeek_R1_Distill_Qwen_1_5B_vanilla/DeepSeek-R1-Distill-Qwen-1.5B_vanilla__global_step_300/g1/aime25x8/test_think-boxed_-1_seed0_t0.6_s0_e-1_think-boxed_metrics.json;/home/caixq/project/LLM_EVAL/eval_results/OPRA-LoRA_think-boxed/json/DeepSeek_R1_Distill_Qwen_1_5B_vanilla/DeepSeek-R1-Distill-Qwen-1.5B_vanilla__global_step_300/g1/amc23x8/test_think-boxed_-1_seed0_t0.6_s0_e-1_think-boxed_metrics.json;/home/caixq/project/LLM_EVAL/eval_results/OPRA-LoRA_think-boxed/json/DeepSeek_R1_Distill_Qwen_1_5B_vanilla/DeepSeek-R1-Distill-Qwen-1.5B_vanilla__global_step_300/g2/minerva_math/test_think-boxed_-1_seed0_t0.8_s0_e-1_think-boxed_metrics.json;/home/caixq/project/LLM_EVAL/eval_results/OPRA-LoRA_think-boxed/json/DeepSeek_R1_Distill_Qwen_1_5B_vanilla/DeepSeek-R1-Distill-Qwen-1.5B_vanilla__global_step_300/g2/olympiadbench/test_think-boxed_-1_seed0_t0.8_s0_e-1_think-boxed_metrics.json,eval_root
k,Average,64,DeepSeek-R1-Distill-Qwen-1.5B_vanilla,LoRA,300,10.28,10.28,/home/caixq/project/LLM_EVAL/eval_results/OPRA-LoRA_think-boxed/json/DeepSeek_R1_Distill_Qwen_1_5B_vanilla/DeepSeek-R1-Distill-Qwen-1.5B_vanilla__global_step_300/g1/aime24x8/test_think-boxed_-1_seed0_t0.6_s0_e-1_think-boxed_metrics.json;/home/caixq/project/LLM_EVAL/eval_results/OPRA-LoRA_think-boxed/json/DeepSeek_R1_Distill_Qwen_1_5B_vanilla/DeepSeek-R1-Distill-Qwen-1.5B_vanilla__global_step_300/g1/aime25x8/test_think-boxed_-1_seed0_t0.6_s0_e-1_think-boxed_metrics.json;/home/caixq/project/LLM_EVAL/eval_results/OPRA-LoRA_think-boxed/json/DeepSeek_R1_Distill_Qwen_1_5B_vanilla/DeepSeek-R1-Distill-Qwen-1.5B_vanilla__global_step_300/g1/amc23x8/test_think-boxed_-1_seed0_t0.6_s0_e-1_think-boxed_metrics.json;/home/caixq/project/LLM_EVAL/eval_results/OPRA-LoRA_think-boxed/json/DeepSeek_R1_Distill_Qwen_1_5B_vanilla/DeepSeek-R1-Distill-Qwen-1.5B_vanilla__global_step_300/g2/minerva_math/test_think-boxed_-1_seed0_t0.8_s0_e-1_think-boxed_metrics.json;/home/caixq/project/LLM_EVAL/eval_results/OPRA-LoRA_think-boxed/json/DeepSeek_R1_Distill_Qwen_1_5B_vanilla/DeepSeek-R1-Distill-Qwen-1.5B_vanilla__global_step_300/g2/olympiadbench/test_think-boxed_-1_seed0_t0.8_s0_e-1_think-boxed_metrics.json,eval_root
k,Average,128,DeepSeek-R1-Distill-Qwen-1.5B_vanilla,LoRA,300,11.780000000000001,11.780000000000001,/home/caixq/project/LLM_EVAL/eval_results/OPRA-LoRA_think-boxed/json/DeepSeek_R1_Distill_Qwen_1_5B_vanilla/DeepSeek-R1-Distill-Qwen-1.5B_vanilla__global_step_300/g1/aime24x8/test_think-boxed_-1_seed0_t0.6_s0_e-1_think-boxed_metrics.json;/home/caixq/project/LLM_EVAL/eval_results/OPRA-LoRA_think-boxed/json/DeepSeek_R1_Distill_Qwen_1_5B_vanilla/DeepSeek-R1-Distill-Qwen-1.5B_vanilla__global_step_300/g1/aime25x8/test_think-boxed_-1_seed0_t0.6_s0_e-1_think-boxed_metrics.json;/home/caixq/project/LLM_EVAL/eval_results/OPRA-LoRA_think-boxed/json/DeepSeek_R1_Distill_Qwen_1_5B_vanilla/DeepSeek-R1-Distill-Qwen-1.5B_vanilla__global_step_300/g1/amc23x8/test_think-boxed_-1_seed0_t0.6_s0_e-1_think-boxed_metrics.json;/home/caixq/project/LLM_EVAL/eval_results/OPRA-LoRA_think-boxed/json/DeepSeek_R1_Distill_Qwen_1_5B_vanilla/DeepSeek-R1-Distill-Qwen-1.5B_vanilla__global_step_300/g2/minerva_math/test_think-boxed_-1_seed0_t0.8_s0_e-1_think-boxed_metrics.json;/home/caixq/project/LLM_EVAL/eval_results/OPRA-LoRA_think-boxed/json/DeepSeek_R1_Distill_Qwen_1_5B_vanilla/DeepSeek-R1-Distill-Qwen-1.5B_vanilla__global_step_300/g2/olympiadbench/test_think-boxed_-1_seed0_t0.8_s0_e-1_think-boxed_metrics.json,eval_root
k,Average,1,DeepSeek-R1-Distill-Qwen-1.5B_opra_opra,RCA (Ours),100,34.66666666666667,34.66666666666667,/home/caixq/project/LLM_EVAL/eval_results/OPRA-K-ABLATION_think-boxed/json/DeepSeek_R1_Distill_Qwen_1_5B_opra_r32_k1/DeepSeek-R1-Distill-Qwen-1.5B_opra_r32_k1__global_step_100/g1/aime24x8/test_think-boxed_-1_seed0_t0.6_s0_e-1_think-boxed_metrics.json;/home/caixq/project/LLM_EVAL/eval_results/OPRA-K-ABLATION_think-boxed/json/DeepSeek_R1_Distill_Qwen_1_5B_opra_r32_k1/DeepSeek-R1-Distill-Qwen-1.5B_opra_r32_k1__global_step_100/g1/aime25x8/test_think-boxed_-1_seed0_t0.6_s0_e-1_think-boxed_metrics.json;/home/caixq/project/LLM_EVAL/eval_results/OPRA-K-ABLATION_think-boxed/json/DeepSeek_R1_Distill_Qwen_1_5B_opra_r32_k1/DeepSeek-R1-Distill-Qwen-1.5B_opra_r32_k1__global_step_100/g1/amc23x8/test_think-boxed_-1_seed0_t0.6_s0_e-1_think-boxed_metrics.json;/home/caixq/project/LLM_EVAL/eval_results/OPRA-K-ABLATION_think-boxed/json/DeepSeek_R1_Distill_Qwen_1_5B_opra_r32_k1/DeepSeek-R1-Distill-Qwen-1.5B_opra_r32_k1__global_step_100/g2/math500/test_think-boxed_-1_seed0_t0.8_s0_e-1_think-boxed_metrics.json;/home/caixq/project/LLM_EVAL/eval_results/OPRA-K-ABLATION_think-boxed/json/DeepSeek_R1_Distill_Qwen_1_5B_opra_r32_k1/DeepSeek-R1-Distill-Qwen-1.5B_opra_r32_k1__global_step_100/g2/minerva_math/test_think-boxed_-1_seed0_t0.8_s0_e-1_think-boxed_metrics.json;/home/caixq/project/LLM_EVAL/eval_results/OPRA-K-ABLATION_think-boxed/json/DeepSeek_R1_Distill_Qwen_1_5B_opra_r32_k1/DeepSeek-R1-Distill-Qwen-1.5B_opra_r32_k1__global_step_100/g2/olympiadbench/test_think-boxed_-1_seed0_t0.8_s0_e-1_think-boxed_metrics.json,opra_principle_best
k,Average,8,DeepSeek-R1-Distill-Qwen-1.5B_opra_opra,RCA (Ours),200,55.18333333333334,55.18333333333334,/home/caixq/project/LLM_EVAL/eval_results/OPRA-K-ABLATION_think-boxed/json/DeepSeek_R1_Distill_Qwen_1_5B_opra_r32_k16/DeepSeek-R1-Distill-Qwen-1.5B_opra_r32_k16__global_step_200/g1/aime24x8/test_think-boxed_-1_seed0_t0.6_s0_e-1_think-boxed_metrics.json;/home/caixq/project/LLM_EVAL/eval_results/OPRA-K-ABLATION_think-boxed/json/DeepSeek_R1_Distill_Qwen_1_5B_opra_r32_k16/DeepSeek-R1-Distill-Qwen-1.5B_opra_r32_k16__global_step_200/g1/aime25x8/test_think-boxed_-1_seed0_t0.6_s0_e-1_think-boxed_metrics.json;/home/caixq/project/LLM_EVAL/eval_results/OPRA-K-ABLATION_think-boxed/json/DeepSeek_R1_Distill_Qwen_1_5B_opra_r32_k16/DeepSeek-R1-Distill-Qwen-1.5B_opra_r32_k16__global_step_200/g1/amc23x8/test_think-boxed_-1_seed0_t0.6_s0_e-1_think-boxed_metrics.json;/home/caixq/project/LLM_EVAL/eval_results/OPRA-K-ABLATION_think-boxed/json/DeepSeek_R1_Distill_Qwen_1_5B_opra_r32_k16/DeepSeek-R1-Distill-Qwen-1.5B_opra_r32_k16__global_step_200/g2/math500/test_think-boxed_-1_seed0_t0.8_s0_e-1_think-boxed_metrics.json;/home/caixq/project/LLM_EVAL/eval_results/OPRA-K-ABLATION_think-boxed/json/DeepSeek_R1_Distill_Qwen_1_5B_opra_r32_k16/DeepSeek-R1-Distill-Qwen-1.5B_opra_r32_k16__global_step_200/g2/minerva_math/test_think-boxed_-1_seed0_t0.8_s0_e-1_think-boxed_metrics.json;/home/caixq/project/LLM_EVAL/eval_results/OPRA-K-ABLATION_think-boxed/json/DeepSeek_R1_Distill_Qwen_1_5B_opra_r32_k16/DeepSeek-R1-Distill-Qwen-1.5B_opra_r32_k16__global_step_200/g2/olympiadbench/test_think-boxed_-1_seed0_t0.8_s0_e-1_think-boxed_metrics.json,opra_principle_best
k,Average,16,DeepSeek-R1-Distill-Qwen-1.5B_opra_opra,RCA (Ours),200,60.98333333333333,60.98333333333333,/home/caixq/project/LLM_EVAL/eval_results/OPRA-K-ABLATION_think-boxed/json/DeepSeek_R1_Distill_Qwen_1_5B_opra_r32_k16/DeepSeek-R1-Distill-Qwen-1.5B_opra_r32_k16__global_step_200/g1/aime24x8/test_think-boxed_-1_seed0_t0.6_s0_e-1_think-boxed_metrics.json;/home/caixq/project/LLM_EVAL/eval_results/OPRA-K-ABLATION_think-boxed/json/DeepSeek_R1_Distill_Qwen_1_5B_opra_r32_k16/DeepSeek-R1-Distill-Qwen-1.5B_opra_r32_k16__global_step_200/g1/aime25x8/test_think-boxed_-1_seed0_t0.6_s0_e-1_think-boxed_metrics.json;/home/caixq/project/LLM_EVAL/eval_results/OPRA-K-ABLATION_think-boxed/json/DeepSeek_R1_Distill_Qwen_1_5B_opra_r32_k16/DeepSeek-R1-Distill-Qwen-1.5B_opra_r32_k16__global_step_200/g1/amc23x8/test_think-boxed_-1_seed0_t0.6_s0_e-1_think-boxed_metrics.json;/home/caixq/project/LLM_EVAL/eval_results/OPRA-K-ABLATION_think-boxed/json/DeepSeek_R1_Distill_Qwen_1_5B_opra_r32_k16/DeepSeek-R1-Distill-Qwen-1.5B_opra_r32_k16__global_step_200/g2/math500/test_think-boxed_-1_seed0_t0.8_s0_e-1_think-boxed_metrics.json;/home/caixq/project/LLM_EVAL/eval_results/OPRA-K-ABLATION_think-boxed/json/DeepSeek_R1_Distill_Qwen_1_5B_opra_r32_k16/DeepSeek-R1-Distill-Qwen-1.5B_opra_r32_k16__global_step_200/g2/minerva_math/test_think-boxed_-1_seed0_t0.8_s0_e-1_think-boxed_metrics.json;/home/caixq/project/LLM_EVAL/eval_results/OPRA-K-ABLATION_think-boxed/json/DeepSeek_R1_Distill_Qwen_1_5B_opra_r32_k16/DeepSeek-R1-Distill-Qwen-1.5B_opra_r32_k16__global_step_200/g2/olympiadbench/test_think-boxed_-1_seed0_t0.8_s0_e-1_think-boxed_metrics.json,opra_principle_best
k,Average,32,DeepSeek-R1-Distill-Qwen-1.5B_opra_opra,RCA (Ours),200,66.26666666666667,66.26666666666667,/home/caixq/project/LLM_EVAL/eval_results/OPRA-K-ABLATION_think-boxed/json/DeepSeek_R1_Distill_Qwen_1_5B_opra_r32_k16/DeepSeek-R1-Distill-Qwen-1.5B_opra_r32_k16__global_step_200/g1/aime24x8/test_think-boxed_-1_seed0_t0.6_s0_e-1_think-boxed_metrics.json;/home/caixq/project/LLM_EVAL/eval_results/OPRA-K-ABLATION_think-boxed/json/DeepSeek_R1_Distill_Qwen_1_5B_opra_r32_k16/DeepSeek-R1-Distill-Qwen-1.5B_opra_r32_k16__global_step_200/g1/aime25x8/test_think-boxed_-1_seed0_t0.6_s0_e-1_think-boxed_metrics.json;/home/caixq/project/LLM_EVAL/eval_results/OPRA-K-ABLATION_think-boxed/json/DeepSeek_R1_Distill_Qwen_1_5B_opra_r32_k16/DeepSeek-R1-Distill-Qwen-1.5B_opra_r32_k16__global_step_200/g1/amc23x8/test_think-boxed_-1_seed0_t0.6_s0_e-1_think-boxed_metrics.json;/home/caixq/project/LLM_EVAL/eval_results/OPRA-K-ABLATION_think-boxed/json/DeepSeek_R1_Distill_Qwen_1_5B_opra_r32_k16/DeepSeek-R1-Distill-Qwen-1.5B_opra_r32_k16__global_step_200/g2/math500/test_think-boxed_-1_seed0_t0.8_s0_e-1_think-boxed_metrics.json;/home/caixq/project/LLM_EVAL/eval_results/OPRA-K-ABLATION_think-boxed/json/DeepSeek_R1_Distill_Qwen_1_5B_opra_r32_k16/DeepSeek-R1-Distill-Qwen-1.5B_opra_r32_k16__global_step_200/g2/minerva_math/test_think-boxed_-1_seed0_t0.8_s0_e-1_think-boxed_metrics.json;/home/caixq/project/LLM_EVAL/eval_results/OPRA-K-ABLATION_think-boxed/json/DeepSeek_R1_Distill_Qwen_1_5B_opra_r32_k16/DeepSeek-R1-Distill-Qwen-1.5B_opra_r32_k16__global_step_200/g2/olympiadbench/test_think-boxed_-1_seed0_t0.8_s0_e-1_think-boxed_metrics.json,opra_principle_best
k,Average,64,DeepSeek-R1-Distill-Qwen-1.5B_opra_opra,RCA (Ours),100,66.26666666666667,53.31666666666666,/home/caixq/project/LLM_EVAL/eval_results/OPRA-LoRA_think-boxed/json/DeepSeek_R1_Distill_Qwen_1_5B_opra_opra/DeepSeek-R1-Distill-Qwen-1.5B_opra_opra__global_step_100/g1/aime24x8/test_think-boxed_-1_seed0_t0.6_s0_e-1_think-boxed_metrics.json;/home/caixq/project/LLM_EVAL/eval_results/OPRA-LoRA_think-boxed/json/DeepSeek_R1_Distill_Qwen_1_5B_opra_opra/DeepSeek-R1-Distill-Qwen-1.5B_opra_opra__global_step_100/g1/aime25x8/test_think-boxed_-1_seed0_t0.6_s0_e-1_think-boxed_metrics.json;/home/caixq/project/LLM_EVAL/eval_results/OPRA-LoRA_think-boxed/json/DeepSeek_R1_Distill_Qwen_1_5B_opra_opra/DeepSeek-R1-Distill-Qwen-1.5B_opra_opra__global_step_100/g1/amc23x8/test_think-boxed_-1_seed0_t0.6_s0_e-1_think-boxed_metrics.json;/home/caixq/project/LLM_EVAL/eval_results/OPRA-LoRA_think-boxed/json/DeepSeek_R1_Distill_Qwen_1_5B_opra_opra/DeepSeek-R1-Distill-Qwen-1.5B_opra_opra__global_step_100/g2/math500/test_think-boxed_-1_seed0_t0.8_s0_e-1_think-boxed_metrics.json;/home/caixq/project/LLM_EVAL/eval_results/OPRA-LoRA_think-boxed/json/DeepSeek_R1_Distill_Qwen_1_5B_opra_opra/DeepSeek-R1-Distill-Qwen-1.5B_opra_opra__global_step_100/g2/minerva_math/test_think-boxed_-1_seed0_t0.8_s0_e-1_think-boxed_metrics.json;/home/caixq/project/LLM_EVAL/eval_results/OPRA-LoRA_think-boxed/json/DeepSeek_R1_Distill_Qwen_1_5B_opra_opra/DeepSeek-R1-Distill-Qwen-1.5B_opra_opra__global_step_100/g2/olympiadbench/test_think-boxed_-1_seed0_t0.8_s0_e-1_think-boxed_metrics.json,eval_root
k,Average,128,DeepSeek-R1-Distill-Qwen-1.5B_opra_opra,RCA (Ours),100,66.26666666666667,57.38333333333333,/home/caixq/project/LLM_EVAL/eval_results/OPRA-LoRA_think-boxed/json/DeepSeek_R1_Distill_Qwen_1_5B_opra_opra/DeepSeek-R1-Distill-Qwen-1.5B_opra_opra__global_step_100/g1/aime24x8/test_think-boxed_-1_seed0_t0.6_s0_e-1_think-boxed_metrics.json;/home/caixq/project/LLM_EVAL/eval_results/OPRA-LoRA_think-boxed/json/DeepSeek_R1_Distill_Qwen_1_5B_opra_opra/DeepSeek-R1-Distill-Qwen-1.5B_opra_opra__global_step_100/g1/aime25x8/test_think-boxed_-1_seed0_t0.6_s0_e-1_think-boxed_metrics.json;/home/caixq/project/LLM_EVAL/eval_results/OPRA-LoRA_think-boxed/json/DeepSeek_R1_Distill_Qwen_1_5B_opra_opra/DeepSeek-R1-Distill-Qwen-1.5B_opra_opra__global_step_100/g1/amc23x8/test_think-boxed_-1_seed0_t0.6_s0_e-1_think-boxed_metrics.json;/home/caixq/project/LLM_EVAL/eval_results/OPRA-LoRA_think-boxed/json/DeepSeek_R1_Distill_Qwen_1_5B_opra_opra/DeepSeek-R1-Distill-Qwen-1.5B_opra_opra__global_step_100/g2/math500/test_think-boxed_-1_seed0_t0.8_s0_e-1_think-boxed_metrics.json;/home/caixq/project/LLM_EVAL/eval_results/OPRA-LoRA_think-boxed/json/DeepSeek_R1_Distill_Qwen_1_5B_opra_opra/DeepSeek-R1-Distill-Qwen-1.5B_opra_opra__global_step_100/g2/minerva_math/test_think-boxed_-1_seed0_t0.8_s0_e-1_think-boxed_metrics.json;/home/caixq/project/LLM_EVAL/eval_results/OPRA-LoRA_think-boxed/json/DeepSeek_R1_Distill_Qwen_1_5B_opra_opra/DeepSeek-R1-Distill-Qwen-1.5B_opra_opra__global_step_100/g2/olympiadbench/test_think-boxed_-1_seed0_t0.8_s0_e-1_think-boxed_metrics.json,eval_root
k,Average,1,ver_rule_grpo_nocurl_DeepSeek-R1-Distill-Qwen-1.5B,FFT,313,29.26666666666667,29.26666666666667,/home/caixq/project/LLM_EVAL/eval_results/OPRA-LoRA_think-boxed/json/ver_rule_grpo_DeepSeek-R1-Distill-Qwen-1.5B/ver_rule_grpo_nocurl_DeepSeek-R1-Distill-Qwen-1.5B__global_step_313/g1/aime24x8/test_think-boxed_-1_seed0_t0.6_s0_e-1_think-boxed_metrics.json;/home/caixq/project/LLM_EVAL/eval_results/OPRA-LoRA_think-boxed/json/ver_rule_grpo_DeepSeek-R1-Distill-Qwen-1.5B/ver_rule_grpo_nocurl_DeepSeek-R1-Distill-Qwen-1.5B__global_step_313/g1/aime25x8/test_think-boxed_-1_seed0_t0.6_s0_e-1_think-boxed_metrics.json;/home/caixq/project/LLM_EVAL/eval_results/OPRA-LoRA_think-boxed/json/ver_rule_grpo_DeepSeek-R1-Distill-Qwen-1.5B/ver_rule_grpo_nocurl_DeepSeek-R1-Distill-Qwen-1.5B__global_step_313/g1/amc23x8/test_think-boxed_-1_seed0_t0.6_s0_e-1_think-boxed_metrics.json;/home/caixq/project/LLM_EVAL/eval_results/OPRA-LoRA_think-boxed/json/ver_rule_grpo_DeepSeek-R1-Distill-Qwen-1.5B/ver_rule_grpo_nocurl_DeepSeek-R1-Distill-Qwen-1.5B__global_step_313/g2/math500/test_think-boxed_-1_seed0_t0.0_s0_e-1_think-boxed_metrics.json;/home/caixq/project/LLM_EVAL/eval_results/OPRA-LoRA_think-boxed/json/ver_rule_grpo_DeepSeek-R1-Distill-Qwen-1.5B/ver_rule_grpo_nocurl_DeepSeek-R1-Distill-Qwen-1.5B__global_step_313/g2/minerva_math/test_think-boxed_-1_seed0_t0.0_s0_e-1_think-boxed_metrics.json;/home/caixq/project/LLM_EVAL/eval_results/OPRA-LoRA_think-boxed/json/ver_rule_grpo_DeepSeek-R1-Distill-Qwen-1.5B/ver_rule_grpo_nocurl_DeepSeek-R1-Distill-Qwen-1.5B__global_step_313/g2/olympiadbench/test_think-boxed_-1_seed0_t0.0_s0_e-1_think-boxed_metrics.json,eval_root
k,Average,8,ver_rule_grpo_nocurl_DeepSeek-R1-Distill-Qwen-1.5B,FFT,313,43.21666666666666,43.21666666666666,/home/caixq/project/LLM_EVAL/eval_results/OPRA-LoRA_think-boxed/json/ver_rule_grpo_DeepSeek-R1-Distill-Qwen-1.5B/ver_rule_grpo_nocurl_DeepSeek-R1-Distill-Qwen-1.5B__global_step_313/g1/aime24x8/test_think-boxed_-1_seed0_t0.6_s0_e-1_think-boxed_metrics.json;/home/caixq/project/LLM_EVAL/eval_results/OPRA-LoRA_think-boxed/json/ver_rule_grpo_DeepSeek-R1-Distill-Qwen-1.5B/ver_rule_grpo_nocurl_DeepSeek-R1-Distill-Qwen-1.5B__global_step_313/g1/aime25x8/test_think-boxed_-1_seed0_t0.6_s0_e-1_think-boxed_metrics.json;/home/caixq/project/LLM_EVAL/eval_results/OPRA-LoRA_think-boxed/json/ver_rule_grpo_DeepSeek-R1-Distill-Qwen-1.5B/ver_rule_grpo_nocurl_DeepSeek-R1-Distill-Qwen-1.5B__global_step_313/g1/amc23x8/test_think-boxed_-1_seed0_t0.6_s0_e-1_think-boxed_metrics.json;/home/caixq/project/LLM_EVAL/eval_results/OPRA-LoRA_think-boxed/json/ver_rule_grpo_DeepSeek-R1-Distill-Qwen-1.5B/ver_rule_grpo_nocurl_DeepSeek-R1-Distill-Qwen-1.5B__global_step_313/g2/math500/test_think-boxed_-1_seed0_t0.0_s0_e-1_think-boxed_metrics.json;/home/caixq/project/LLM_EVAL/eval_results/OPRA-LoRA_think-boxed/json/ver_rule_grpo_DeepSeek-R1-Distill-Qwen-1.5B/ver_rule_grpo_nocurl_DeepSeek-R1-Distill-Qwen-1.5B__global_step_313/g2/minerva_math/test_think-boxed_-1_seed0_t0.0_s0_e-1_think-boxed_metrics.json;/home/caixq/project/LLM_EVAL/eval_results/OPRA-LoRA_think-boxed/json/ver_rule_grpo_DeepSeek-R1-Distill-Qwen-1.5B/ver_rule_grpo_nocurl_DeepSeek-R1-Distill-Qwen-1.5B__global_step_313/g2/olympiadbench/test_think-boxed_-1_seed0_t0.0_s0_e-1_think-boxed_metrics.json,eval_root
k,Average,1,DeepSeek-R1-Distill-Qwen-1.5B_olora,OLoRA,300,16.433333333333334,16.433333333333334,/home/caixq/project/LLM_EVAL/eval_results/OPRA-LoRA_think-boxed/json/DeepSeek_R1_Distill_Qwen_1_5B_olora/DeepSeek-R1-Distill-Qwen-1.5B_olora__global_step_300/g1/aime24x8/test_think-boxed_-1_seed0_t0.6_s0_e-1_think-boxed_metrics.json;/home/caixq/project/LLM_EVAL/eval_results/OPRA-LoRA_think-boxed/json/DeepSeek_R1_Distill_Qwen_1_5B_olora/DeepSeek-R1-Distill-Qwen-1.5B_olora__global_step_300/g1/aime25x8/test_think-boxed_-1_seed0_t0.6_s0_e-1_think-boxed_metrics.json;/home/caixq/project/LLM_EVAL/eval_results/OPRA-LoRA_think-boxed/json/DeepSeek_R1_Distill_Qwen_1_5B_olora/DeepSeek-R1-Distill-Qwen-1.5B_olora__global_step_300/g1/amc23x8/test_think-boxed_-1_seed0_t0.6_s0_e-1_think-boxed_metrics.json;/home/caixq/project/LLM_EVAL/eval_results/OPRA-LoRA_think-boxed/json/DeepSeek_R1_Distill_Qwen_1_5B_olora/DeepSeek-R1-Distill-Qwen-1.5B_olora__global_step_300/g2/math500/test_think-boxed_-1_seed0_t0.8_s0_e-1_think-boxed_metrics.json;/home/caixq/project/LLM_EVAL/eval_results/OPRA-LoRA_think-boxed/json/DeepSeek_R1_Distill_Qwen_1_5B_olora/DeepSeek-R1-Distill-Qwen-1.5B_olora__global_step_300/g2/minerva_math/test_think-boxed_-1_seed0_t0.8_s0_e-1_think-boxed_metrics.json;/home/caixq/project/LLM_EVAL/eval_results/OPRA-LoRA_think-boxed/json/DeepSeek_R1_Distill_Qwen_1_5B_olora/DeepSeek-R1-Distill-Qwen-1.5B_olora__global_step_300/g2/olympiadbench/test_think-boxed_-1_seed0_t0.8_s0_e-1_think-boxed_metrics.json,eval_root
k,Average,8,DeepSeek-R1-Distill-Qwen-1.5B_olora,OLoRA,300,32.65,32.65,/home/caixq/project/LLM_EVAL/eval_results/OPRA-LoRA_think-boxed/json/DeepSeek_R1_Distill_Qwen_1_5B_olora/DeepSeek-R1-Distill-Qwen-1.5B_olora__global_step_300/g1/aime24x8/test_think-boxed_-1_seed0_t0.6_s0_e-1_think-boxed_metrics.json;/home/caixq/project/LLM_EVAL/eval_results/OPRA-LoRA_think-boxed/json/DeepSeek_R1_Distill_Qwen_1_5B_olora/DeepSeek-R1-Distill-Qwen-1.5B_olora__global_step_300/g1/aime25x8/test_think-boxed_-1_seed0_t0.6_s0_e-1_think-boxed_metrics.json;/home/caixq/project/LLM_EVAL/eval_results/OPRA-LoRA_think-boxed/json/DeepSeek_R1_Distill_Qwen_1_5B_olora/DeepSeek-R1-Distill-Qwen-1.5B_olora__global_step_300/g1/amc23x8/test_think-boxed_-1_seed0_t0.6_s0_e-1_think-boxed_metrics.json;/home/caixq/project/LLM_EVAL/eval_results/OPRA-LoRA_think-boxed/json/DeepSeek_R1_Distill_Qwen_1_5B_olora/DeepSeek-R1-Distill-Qwen-1.5B_olora__global_step_300/g2/math500/test_think-boxed_-1_seed0_t0.8_s0_e-1_think-boxed_metrics.json;/home/caixq/project/LLM_EVAL/eval_results/OPRA-LoRA_think-boxed/json/DeepSeek_R1_Distill_Qwen_1_5B_olora/DeepSeek-R1-Distill-Qwen-1.5B_olora__global_step_300/g2/minerva_math/test_think-boxed_-1_seed0_t0.8_s0_e-1_think-boxed_metrics.json;/home/caixq/project/LLM_EVAL/eval_results/OPRA-LoRA_think-boxed/json/DeepSeek_R1_Distill_Qwen_1_5B_olora/DeepSeek-R1-Distill-Qwen-1.5B_olora__global_step_300/g2/olympiadbench/test_think-boxed_-1_seed0_t0.8_s0_e-1_think-boxed_metrics.json,eval_root
k,Average,16,DeepSeek-R1-Distill-Qwen-1.5B_olora,OLoRA,300,37.88333333333333,37.88333333333333,/home/caixq/project/LLM_EVAL/eval_results/OPRA-LoRA_think-boxed/json/DeepSeek_R1_Distill_Qwen_1_5B_olora/DeepSeek-R1-Distill-Qwen-1.5B_olora__global_step_300/g1/aime24x8/test_think-boxed_-1_seed0_t0.6_s0_e-1_think-boxed_metrics.json;/home/caixq/project/LLM_EVAL/eval_results/OPRA-LoRA_think-boxed/json/DeepSeek_R1_Distill_Qwen_1_5B_olora/DeepSeek-R1-Distill-Qwen-1.5B_olora__global_step_300/g1/aime25x8/test_think-boxed_-1_seed0_t0.6_s0_e-1_think-boxed_metrics.json;/home/caixq/project/LLM_EVAL/eval_results/OPRA-LoRA_think-boxed/json/DeepSeek_R1_Distill_Qwen_1_5B_olora/DeepSeek-R1-Distill-Qwen-1.5B_olora__global_step_300/g1/amc23x8/test_think-boxed_-1_seed0_t0.6_s0_e-1_think-boxed_metrics.json;/home/caixq/project/LLM_EVAL/eval_results/OPRA-LoRA_think-boxed/json/DeepSeek_R1_Distill_Qwen_1_5B_olora/DeepSeek-R1-Distill-Qwen-1.5B_olora__global_step_300/g2/math500/test_think-boxed_-1_seed0_t0.8_s0_e-1_think-boxed_metrics.json;/home/caixq/project/LLM_EVAL/eval_results/OPRA-LoRA_think-boxed/json/DeepSeek_R1_Distill_Qwen_1_5B_olora/DeepSeek-R1-Distill-Qwen-1.5B_olora__global_step_300/g2/minerva_math/test_think-boxed_-1_seed0_t0.8_s0_e-1_think-boxed_metrics.json;/home/caixq/project/LLM_EVAL/eval_results/OPRA-LoRA_think-boxed/json/DeepSeek_R1_Distill_Qwen_1_5B_olora/DeepSeek-R1-Distill-Qwen-1.5B_olora__global_step_300/g2/olympiadbench/test_think-boxed_-1_seed0_t0.8_s0_e-1_think-boxed_metrics.json,eval_root
k,Average,32,DeepSeek-R1-Distill-Qwen-1.5B_olora,OLoRA,300,42.75,42.75,/home/caixq/project/LLM_EVAL/eval_results/OPRA-LoRA_think-boxed/json/DeepSeek_R1_Distill_Qwen_1_5B_olora/DeepSeek-R1-Distill-Qwen-1.5B_olora__global_step_300/g1/aime24x8/test_think-boxed_-1_seed0_t0.6_s0_e-1_think-boxed_metrics.json;/home/caixq/project/LLM_EVAL/eval_results/OPRA-LoRA_think-boxed/json/DeepSeek_R1_Distill_Qwen_1_5B_olora/DeepSeek-R1-Distill-Qwen-1.5B_olora__global_step_300/g1/aime25x8/test_think-boxed_-1_seed0_t0.6_s0_e-1_think-boxed_metrics.json;/home/caixq/project/LLM_EVAL/eval_results/OPRA-LoRA_think-boxed/json/DeepSeek_R1_Distill_Qwen_1_5B_olora/DeepSeek-R1-Distill-Qwen-1.5B_olora__global_step_300/g1/amc23x8/test_think-boxed_-1_seed0_t0.6_s0_e-1_think-boxed_metrics.json;/home/caixq/project/LLM_EVAL/eval_results/OPRA-LoRA_think-boxed/json/DeepSeek_R1_Distill_Qwen_1_5B_olora/DeepSeek-R1-Distill-Qwen-1.5B_olora__global_step_300/g2/math500/test_think-boxed_-1_seed0_t0.8_s0_e-1_think-boxed_metrics.json;/home/caixq/project/LLM_EVAL/eval_results/OPRA-LoRA_think-boxed/json/DeepSeek_R1_Distill_Qwen_1_5B_olora/DeepSeek-R1-Distill-Qwen-1.5B_olora__global_step_300/g2/minerva_math/test_think-boxed_-1_seed0_t0.8_s0_e-1_think-boxed_metrics.json;/home/caixq/project/LLM_EVAL/eval_results/OPRA-LoRA_think-boxed/json/DeepSeek_R1_Distill_Qwen_1_5B_olora/DeepSeek-R1-Distill-Qwen-1.5B_olora__global_step_300/g2/olympiadbench/test_think-boxed_-1_seed0_t0.8_s0_e-1_think-boxed_metrics.json,eval_root
k,Average,64,DeepSeek-R1-Distill-Qwen-1.5B_olora,OLoRA,300,47.26666666666666,47.26666666666666,/home/caixq/project/LLM_EVAL/eval_results/OPRA-LoRA_think-boxed/json/DeepSeek_R1_Distill_Qwen_1_5B_olora/DeepSeek-R1-Distill-Qwen-1.5B_olora__global_step_300/g1/aime24x8/test_think-boxed_-1_seed0_t0.6_s0_e-1_think-boxed_metrics.json;/home/caixq/project/LLM_EVAL/eval_results/OPRA-LoRA_think-boxed/json/DeepSeek_R1_Distill_Qwen_1_5B_olora/DeepSeek-R1-Distill-Qwen-1.5B_olora__global_step_300/g1/aime25x8/test_think-boxed_-1_seed0_t0.6_s0_e-1_think-boxed_metrics.json;/home/caixq/project/LLM_EVAL/eval_results/OPRA-LoRA_think-boxed/json/DeepSeek_R1_Distill_Qwen_1_5B_olora/DeepSeek-R1-Distill-Qwen-1.5B_olora__global_step_300/g1/amc23x8/test_think-boxed_-1_seed0_t0.6_s0_e-1_think-boxed_metrics.json;/home/caixq/project/LLM_EVAL/eval_results/OPRA-LoRA_think-boxed/json/DeepSeek_R1_Distill_Qwen_1_5B_olora/DeepSeek-R1-Distill-Qwen-1.5B_olora__global_step_300/g2/math500/test_think-boxed_-1_seed0_t0.8_s0_e-1_think-boxed_metrics.json;/home/caixq/project/LLM_EVAL/eval_results/OPRA-LoRA_think-boxed/json/DeepSeek_R1_Distill_Qwen_1_5B_olora/DeepSeek-R1-Distill-Qwen-1.5B_olora__global_step_300/g2/minerva_math/test_think-boxed_-1_seed0_t0.8_s0_e-1_think-boxed_metrics.json;/home/caixq/project/LLM_EVAL/eval_results/OPRA-LoRA_think-boxed/json/DeepSeek_R1_Distill_Qwen_1_5B_olora/DeepSeek-R1-Distill-Qwen-1.5B_olora__global_step_300/g2/olympiadbench/test_think-boxed_-1_seed0_t0.8_s0_e-1_think-boxed_metrics.json,eval_root
k,Average,128,DeepSeek-R1-Distill-Qwen-1.5B_olora,OLoRA,300,51.56666666666666,51.56666666666666,/home/caixq/project/LLM_EVAL/eval_results/OPRA-LoRA_think-boxed/json/DeepSeek_R1_Distill_Qwen_1_5B_olora/DeepSeek-R1-Distill-Qwen-1.5B_olora__global_step_300/g1/aime24x8/test_think-boxed_-1_seed0_t0.6_s0_e-1_think-boxed_metrics.json;/home/caixq/project/LLM_EVAL/eval_results/OPRA-LoRA_think-boxed/json/DeepSeek_R1_Distill_Qwen_1_5B_olora/DeepSeek-R1-Distill-Qwen-1.5B_olora__global_step_300/g1/aime25x8/test_think-boxed_-1_seed0_t0.6_s0_e-1_think-boxed_metrics.json;/home/caixq/project/LLM_EVAL/eval_results/OPRA-LoRA_think-boxed/json/DeepSeek_R1_Distill_Qwen_1_5B_olora/DeepSeek-R1-Distill-Qwen-1.5B_olora__global_step_300/g1/amc23x8/test_think-boxed_-1_seed0_t0.6_s0_e-1_think-boxed_metrics.json;/home/caixq/project/LLM_EVAL/eval_results/OPRA-LoRA_think-boxed/json/DeepSeek_R1_Distill_Qwen_1_5B_olora/DeepSeek-R1-Distill-Qwen-1.5B_olora__global_step_300/g2/math500/test_think-boxed_-1_seed0_t0.8_s0_e-1_think-boxed_metrics.json;/home/caixq/project/LLM_EVAL/eval_results/OPRA-LoRA_think-boxed/json/DeepSeek_R1_Distill_Qwen_1_5B_olora/DeepSeek-R1-Distill-Qwen-1.5B_olora__global_step_300/g2/minerva_math/test_think-boxed_-1_seed0_t0.8_s0_e-1_think-boxed_metrics.json;/home/caixq/project/LLM_EVAL/eval_results/OPRA-LoRA_think-boxed/json/DeepSeek_R1_Distill_Qwen_1_5B_olora/DeepSeek-R1-Distill-Qwen-1.5B_olora__global_step_300/g2/olympiadbench/test_think-boxed_-1_seed0_t0.8_s0_e-1_think-boxed_metrics.json,eval_root
k,Average,1,DeepSeek-R1-Distill-Qwen-1.5B_adalora,AdaLoRA,300,14.049999999999997,14.049999999999997,/home/caixq/project/LLM_EVAL/eval_results/OPRA-LoRA_think-boxed/json/DeepSeek_R1_Distill_Qwen_1_5B_adalora/DeepSeek-R1-Distill-Qwen-1.5B_adalora__global_step_300/g1/aime24x8/test_think-boxed_-1_seed0_t0.6_s0_e-1_think-boxed_metrics.json;/home/caixq/project/LLM_EVAL/eval_results/OPRA-LoRA_think-boxed/json/DeepSeek_R1_Distill_Qwen_1_5B_adalora/DeepSeek-R1-Distill-Qwen-1.5B_adalora__global_step_300/g1/aime25x8/test_think-boxed_-1_seed0_t0.6_s0_e-1_think-boxed_metrics.json;/home/caixq/project/LLM_EVAL/eval_results/OPRA-LoRA_think-boxed/json/DeepSeek_R1_Distill_Qwen_1_5B_adalora/DeepSeek-R1-Distill-Qwen-1.5B_adalora__global_step_300/g1/amc23x8/test_think-boxed_-1_seed0_t0.6_s0_e-1_think-boxed_metrics.json;/home/caixq/project/LLM_EVAL/eval_results/OPRA-LoRA_think-boxed/json/DeepSeek_R1_Distill_Qwen_1_5B_adalora/DeepSeek-R1-Distill-Qwen-1.5B_adalora__global_step_300/g2/math500/test_think-boxed_-1_seed0_t0.8_s0_e-1_think-boxed_metrics.json;/home/caixq/project/LLM_EVAL/eval_results/OPRA-LoRA_think-boxed/json/DeepSeek_R1_Distill_Qwen_1_5B_adalora/DeepSeek-R1-Distill-Qwen-1.5B_adalora__global_step_300/g2/minerva_math/test_think-boxed_-1_seed0_t0.8_s0_e-1_think-boxed_metrics.json;/home/caixq/project/LLM_EVAL/eval_results/OPRA-LoRA_think-boxed/json/DeepSeek_R1_Distill_Qwen_1_5B_adalora/DeepSeek-R1-Distill-Qwen-1.5B_adalora__global_step_300/g2/olympiadbench/test_think-boxed_-1_seed0_t0.8_s0_e-1_think-boxed_metrics.json,eval_root
k,Average,8,DeepSeek-R1-Distill-Qwen-1.5B_adalora,AdaLoRA,300,25.83333333333334,25.83333333333334,/home/caixq/project/LLM_EVAL/eval_results/OPRA-LoRA_think-boxed/json/DeepSeek_R1_Distill_Qwen_1_5B_adalora/DeepSeek-R1-Distill-Qwen-1.5B_adalora__global_step_300/g1/aime24x8/test_think-boxed_-1_seed0_t0.6_s0_e-1_think-boxed_metrics.json;/home/caixq/project/LLM_EVAL/eval_results/OPRA-LoRA_think-boxed/json/DeepSeek_R1_Distill_Qwen_1_5B_adalora/DeepSeek-R1-Distill-Qwen-1.5B_adalora__global_step_300/g1/aime25x8/test_think-boxed_-1_seed0_t0.6_s0_e-1_think-boxed_metrics.json;/home/caixq/project/LLM_EVAL/eval_results/OPRA-LoRA_think-boxed/json/DeepSeek_R1_Distill_Qwen_1_5B_adalora/DeepSeek-R1-Distill-Qwen-1.5B_adalora__global_step_300/g1/amc23x8/test_think-boxed_-1_seed0_t0.6_s0_e-1_think-boxed_metrics.json;/home/caixq/project/LLM_EVAL/eval_results/OPRA-LoRA_think-boxed/json/DeepSeek_R1_Distill_Qwen_1_5B_adalora/DeepSeek-R1-Distill-Qwen-1.5B_adalora__global_step_300/g2/math500/test_think-boxed_-1_seed0_t0.8_s0_e-1_think-boxed_metrics.json;/home/caixq/project/LLM_EVAL/eval_results/OPRA-LoRA_think-boxed/json/DeepSeek_R1_Distill_Qwen_1_5B_adalora/DeepSeek-R1-Distill-Qwen-1.5B_adalora__global_step_300/g2/minerva_math/test_think-boxed_-1_seed0_t0.8_s0_e-1_think-boxed_metrics.json;/home/caixq/project/LLM_EVAL/eval_results/OPRA-LoRA_think-boxed/json/DeepSeek_R1_Distill_Qwen_1_5B_adalora/DeepSeek-R1-Distill-Qwen-1.5B_adalora__global_step_300/g2/olympiadbench/test_think-boxed_-1_seed0_t0.8_s0_e-1_think-boxed_metrics.json,eval_root
k,Average,16,DeepSeek-R1-Distill-Qwen-1.5B_adalora,AdaLoRA,300,29.26666666666667,29.26666666666667,/home/caixq/project/LLM_EVAL/eval_results/OPRA-LoRA_think-boxed/json/DeepSeek_R1_Distill_Qwen_1_5B_adalora/DeepSeek-R1-Distill-Qwen-1.5B_adalora__global_step_300/g1/aime24x8/test_think-boxed_-1_seed0_t0.6_s0_e-1_think-boxed_metrics.json;/home/caixq/project/LLM_EVAL/eval_results/OPRA-LoRA_think-boxed/json/DeepSeek_R1_Distill_Qwen_1_5B_adalora/DeepSeek-R1-Distill-Qwen-1.5B_adalora__global_step_300/g1/aime25x8/test_think-boxed_-1_seed0_t0.6_s0_e-1_think-boxed_metrics.json;/home/caixq/project/LLM_EVAL/eval_results/OPRA-LoRA_think-boxed/json/DeepSeek_R1_Distill_Qwen_1_5B_adalora/DeepSeek-R1-Distill-Qwen-1.5B_adalora__global_step_300/g1/amc23x8/test_think-boxed_-1_seed0_t0.6_s0_e-1_think-boxed_metrics.json;/home/caixq/project/LLM_EVAL/eval_results/OPRA-LoRA_think-boxed/json/DeepSeek_R1_Distill_Qwen_1_5B_adalora/DeepSeek-R1-Distill-Qwen-1.5B_adalora__global_step_300/g2/math500/test_think-boxed_-1_seed0_t0.8_s0_e-1_think-boxed_metrics.json;/home/caixq/project/LLM_EVAL/eval_results/OPRA-LoRA_think-boxed/json/DeepSeek_R1_Distill_Qwen_1_5B_adalora/DeepSeek-R1-Distill-Qwen-1.5B_adalora__global_step_300/g2/minerva_math/test_think-boxed_-1_seed0_t0.8_s0_e-1_think-boxed_metrics.json;/home/caixq/project/LLM_EVAL/eval_results/OPRA-LoRA_think-boxed/json/DeepSeek_R1_Distill_Qwen_1_5B_adalora/DeepSeek-R1-Distill-Qwen-1.5B_adalora__global_step_300/g2/olympiadbench/test_think-boxed_-1_seed0_t0.8_s0_e-1_think-boxed_metrics.json,eval_root
k,Average,32,DeepSeek-R1-Distill-Qwen-1.5B_adalora,AdaLoRA,300,32.35,32.35,/home/caixq/project/LLM_EVAL/eval_results/OPRA-LoRA_think-boxed/json/DeepSeek_R1_Distill_Qwen_1_5B_adalora/DeepSeek-R1-Distill-Qwen-1.5B_adalora__global_step_300/g1/aime24x8/test_think-boxed_-1_seed0_t0.6_s0_e-1_think-boxed_metrics.json;/home/caixq/project/LLM_EVAL/eval_results/OPRA-LoRA_think-boxed/json/DeepSeek_R1_Distill_Qwen_1_5B_adalora/DeepSeek-R1-Distill-Qwen-1.5B_adalora__global_step_300/g1/aime25x8/test_think-boxed_-1_seed0_t0.6_s0_e-1_think-boxed_metrics.json;/home/caixq/project/LLM_EVAL/eval_results/OPRA-LoRA_think-boxed/json/DeepSeek_R1_Distill_Qwen_1_5B_adalora/DeepSeek-R1-Distill-Qwen-1.5B_adalora__global_step_300/g1/amc23x8/test_think-boxed_-1_seed0_t0.6_s0_e-1_think-boxed_metrics.json;/home/caixq/project/LLM_EVAL/eval_results/OPRA-LoRA_think-boxed/json/DeepSeek_R1_Distill_Qwen_1_5B_adalora/DeepSeek-R1-Distill-Qwen-1.5B_adalora__global_step_300/g2/math500/test_think-boxed_-1_seed0_t0.8_s0_e-1_think-boxed_metrics.json;/home/caixq/project/LLM_EVAL/eval_results/OPRA-LoRA_think-boxed/json/DeepSeek_R1_Distill_Qwen_1_5B_adalora/DeepSeek-R1-Distill-Qwen-1.5B_adalora__global_step_300/g2/minerva_math/test_think-boxed_-1_seed0_t0.8_s0_e-1_think-boxed_metrics.json;/home/caixq/project/LLM_EVAL/eval_results/OPRA-LoRA_think-boxed/json/DeepSeek_R1_Distill_Qwen_1_5B_adalora/DeepSeek-R1-Distill-Qwen-1.5B_adalora__global_step_300/g2/olympiadbench/test_think-boxed_-1_seed0_t0.8_s0_e-1_think-boxed_metrics.json,eval_root
k,Average,64,DeepSeek-R1-Distill-Qwen-1.5B_adalora,AdaLoRA,300,35.11666666666667,35.11666666666667,/home/caixq/project/LLM_EVAL/eval_results/OPRA-LoRA_think-boxed/json/DeepSeek_R1_Distill_Qwen_1_5B_adalora/DeepSeek-R1-Distill-Qwen-1.5B_adalora__global_step_300/g1/aime24x8/test_think-boxed_-1_seed0_t0.6_s0_e-1_think-boxed_metrics.json;/home/caixq/project/LLM_EVAL/eval_results/OPRA-LoRA_think-boxed/json/DeepSeek_R1_Distill_Qwen_1_5B_adalora/DeepSeek-R1-Distill-Qwen-1.5B_adalora__global_step_300/g1/aime25x8/test_think-boxed_-1_seed0_t0.6_s0_e-1_think-boxed_metrics.json;/home/caixq/project/LLM_EVAL/eval_results/OPRA-LoRA_think-boxed/json/DeepSeek_R1_Distill_Qwen_1_5B_adalora/DeepSeek-R1-Distill-Qwen-1.5B_adalora__global_step_300/g1/amc23x8/test_think-boxed_-1_seed0_t0.6_s0_e-1_think-boxed_metrics.json;/home/caixq/project/LLM_EVAL/eval_results/OPRA-LoRA_think-boxed/json/DeepSeek_R1_Distill_Qwen_1_5B_adalora/DeepSeek-R1-Distill-Qwen-1.5B_adalora__global_step_300/g2/math500/test_think-boxed_-1_seed0_t0.8_s0_e-1_think-boxed_metrics.json;/home/caixq/project/LLM_EVAL/eval_results/OPRA-LoRA_think-boxed/json/DeepSeek_R1_Distill_Qwen_1_5B_adalora/DeepSeek-R1-Distill-Qwen-1.5B_adalora__global_step_300/g2/minerva_math/test_think-boxed_-1_seed0_t0.8_s0_e-1_think-boxed_metrics.json;/home/caixq/project/LLM_EVAL/eval_results/OPRA-LoRA_think-boxed/json/DeepSeek_R1_Distill_Qwen_1_5B_adalora/DeepSeek-R1-Distill-Qwen-1.5B_adalora__global_step_300/g2/olympiadbench/test_think-boxed_-1_seed0_t0.8_s0_e-1_think-boxed_metrics.json,eval_root
k,Average,128,DeepSeek-R1-Distill-Qwen-1.5B_adalora,AdaLoRA,300,37.583333333333336,37.583333333333336,/home/caixq/project/LLM_EVAL/eval_results/OPRA-LoRA_think-boxed/json/DeepSeek_R1_Distill_Qwen_1_5B_adalora/DeepSeek-R1-Distill-Qwen-1.5B_adalora__global_step_300/g1/aime24x8/test_think-boxed_-1_seed0_t0.6_s0_e-1_think-boxed_metrics.json;/home/caixq/project/LLM_EVAL/eval_results/OPRA-LoRA_think-boxed/json/DeepSeek_R1_Distill_Qwen_1_5B_adalora/DeepSeek-R1-Distill-Qwen-1.5B_adalora__global_step_300/g1/aime25x8/test_think-boxed_-1_seed0_t0.6_s0_e-1_think-boxed_metrics.json;/home/caixq/project/LLM_EVAL/eval_results/OPRA-LoRA_think-boxed/json/DeepSeek_R1_Distill_Qwen_1_5B_adalora/DeepSeek-R1-Distill-Qwen-1.5B_adalora__global_step_300/g1/amc23x8/test_think-boxed_-1_seed0_t0.6_s0_e-1_think-boxed_metrics.json;/home/caixq/project/LLM_EVAL/eval_results/OPRA-LoRA_think-boxed/json/DeepSeek_R1_Distill_Qwen_1_5B_adalora/DeepSeek-R1-Distill-Qwen-1.5B_adalora__global_step_300/g2/math500/test_think-boxed_-1_seed0_t0.8_s0_e-1_think-boxed_metrics.json;/home/caixq/project/LLM_EVAL/eval_results/OPRA-LoRA_think-boxed/json/DeepSeek_R1_Distill_Qwen_1_5B_adalora/DeepSeek-R1-Distill-Qwen-1.5B_adalora__global_step_300/g2/minerva_math/test_think-boxed_-1_seed0_t0.8_s0_e-1_think-boxed_metrics.json;/home/caixq/project/LLM_EVAL/eval_results/OPRA-LoRA_think-boxed/json/DeepSeek_R1_Distill_Qwen_1_5B_adalora/DeepSeek-R1-Distill-Qwen-1.5B_adalora__global_step_300/g2/olympiadbench/test_think-boxed_-1_seed0_t0.8_s0_e-1_think-boxed_metrics.json,eval_root
